Name,ID,Deck 1,Deck 2,Deck 3
TO Kishiyo,852533553,https://shadowverse-portal.com/deckbuilder/create/2?hash=1.2.6hISM.6hISM.6hISM.6l6b2.6l6b2.6l6b2.6i3H2.6i3H2.6i3H2.gHUPA.gHUPA.gHUPA.6eMSy.6eMSy.6eMSy.6lyIY.6lyIY.6lyIY.6i89Y.6i89Y.6i89Y.6WiTQ.6WiTQ.6WiTQ.6iAby.6iAby.6iAby.6hNKY.6hNKY.6hNKY.6hPmo.6hPmo.6hPmo.6WkAy.6WkAy.6WkAy.6eMSo.6eMSo.6eMSo.6eMT6&lang=en,https://shadowverse-portal.com/deckbuilder/create/7?hash=1.7.6nnUY.6nnUY.6nnUY.6nssI.6nssI.6nssI.6hISM.6hISM.6hISM.6j_ny.6j_ny.6npwo.6npwo.6npwo.6nupS.6nupS.6nupS.60COa.60COa.60COa.6jzLY.6jzLY.6jzLY.6k4gI.6k4gI.6k4gI.6k4gS.6k4gS.6k4gS.6nsN2.6nsN2.6nsN2.6YeFI.6YeFI.6YeFI.6gGXS.6gGXS.6gGXS.6hNKY.6hNKY&lang=en,https://shadowverse-portal.com/deckbuilder/create/6?hash=1.6.6YBRY.6YBRY.6YBRY.6YAyI.6YAyI.6jdNI.6jdNI.6jfpi.6jfpi.6jfpi.6nRWI.6nRWI.6nRWI.6nTyi.6nTyi.6nTyi.6nPow.6nPow.6nPow.6nWOy.6nWOy.6nWOy.6jgYQ.6jgYQ.6jgYQ.5_pFg.5_pFg.6fu76.6fu76.6fu76.6nTyY.6nTyY.6nTyY.6c3zy.6c3zy.6nWOo.6nWOo.6nWOo.6jfpY.6jfpY&lang=en
OSaV,220538641,https://shadowverse-portal.com/deck/3.5.6XoXy.6XoXy.6XtQI.6XtQI.6jCWY.6jCWY.6jEyo.6jEyo.6jEyo.gEn3Q.gEn3Q.gEn3Q.6XoXo.6XoXo.6XoXo.6n5Y2.6n5Y2.6bcgo.6bcgo.6bcgo.6jCWs.6jCWs.6jCWs.6bhZI.6jJrI.6jJrI.6jEyy.6jEyy.6jEyy.6jJrS.6jJrS.6jJrS.6jJrc.6jJrc.6jJrc.6hNKY.6hNKY.6hNKY.6ZnUy.6ZnUy?lang=en,https://shadowverse-portal.com/deckbuilder/create/6?hash=3.6.6jdNI.6jdNI.6jdNI.6jfpi.6jfpi.6jfpi.6nRWI.6nRWI.6nTyi.6nTyi.6nTyi.5_pzw.5_pzw.6nPow.6nPow.6nPow.6nWOy.6nWOy.6nWOy.6jgYQ.6jgYQ.6jgYQ.6fu76.6fu76.6fu76.6nTyY.6nTyY.6nTyY.6jiFo.6jiFo.6jiFo.6c3zy.6c3zy.6c3zy.6nWOo.6nWOo.6nWOo.6jfpY.6jfpY.6jfpY&lang=en,https://shadowverse-portal.com/deckbuilder/create/7?hash=3.7.6nnUY.6nnUY.6nnUY.6nssI.6nssI.6nssI.6hISM.6hISM.6hISM.6l6b2.6l6b2.6l6b2.6j_ny.6j_ny.6j_ny.6npwo.6npwo.6npwo.6nupS.6nupS.6nupS.6jzLY.6jzLY.6jzLY.6k4gI.6k4gI.6k4gI.6cSOS.6k4gS.6k4gS.6nsN2.6nsN2.6nsN2.6YeFI.6YeFI.6gGXS.6gGXS.6hNKY.6hNKY.6hNKY&lang=en
Hishiro/REV,805282163,https://shadowverse-portal.com/deck/3.6.6jdNI.6jdNI.6jdNI.6jfpi.6jfpi.6jfpi.6nTyi.6nTyi.6nTyi.5_pzw.5_pzw.5_pzw.6nPow.6nPow.6nPow.6nWOy.6nWOy.6nWOy.6jgYQ.6jgYQ.6jgYQ.6c1Xs.6fu76.6fu76.6fu76.6nTyY.6nTyY.6nTyY.6jiFo.6jiFo.6jiFo.6c3zy.6c3zy.6c3zy.6nWOo.6nWOo.6nWOo.6jfpY.6jfpY.6jfpY?lang=en,https://shadowverse-portal.com/deck/3.7.6nnUY.6nnUY.6nnUY.6nssI.6nssI.6nssI.6hISM.6hISM.6hISM.6l6b2.6l6b2.6l6b2.6j_ny.6j_ny.6j_ny.6npwo.6npwo.6npwo.6nupS.6nupS.6nupS.60COa.60COa.6jzLY.6jzLY.6jzLY.6k4gI.6k4gI.6k4gI.6k4gS.6k4gS.6nsN2.6nsN2.6nsN2.6YeFI.6YeFI.6gGXS.6gGXS.6gGXS.6lDvo?lang=en,https://shadowverse-portal.com/deck/3.3.5-gkQ.5-gkQ.5-gkQ.5-gka.5-gka.5-gka.gE0EQ.gE0EQ.gE0EQ.gHqNa.6mIGo.6mIGo.6mIGo.6X6bc.6X6bc.6X6bc.6iZ0S.6iZ0S.6iZ0S.6awkc.6awkc.6awkc.gHqNQ.gHqNQ.gHqNQ.6hNKY.6hNKY.6hNKY.6mFqi.6mFqi.6mFqi.5-glM.5-glM.5-glM.6edYi.6edYi.6edYi.6iWaC.6iWaC.6iWaC?lang=en
Sharuru,435202748,https://shadowverse-portal.com/deck/3.6.6YBRY.6YBRY.6YBRY.6jfpi.6jfpi.6jfpi.6nP4M.6nP4M.6nP4M.6nRWI.6nRWI.6nRWI.6nTyi.6nTyi.6nTyi.5_pzw.5_pzw.6nPow.6nPow.6nWOy.6nWOy.6nWOy.6jgYQ.6jgYQ.6jgYQ.5_pFg.6fu76.6fu76.6nTyY.6nTyY.6nTyY.6jiFo.6c3zy.6c3zy.6c3zy.6nWOo.6nWOo.6nWOo.6jfpY.6jfpY?lang=en,https://shadowverse-portal.com/deck/3.8.6clwI.6clwI.6clwI.6gYLw.6gYLw.6gYLw.6clwS.6clwS.6clwS.6ga3I.6ga3I.6oCLI.6oCLI.6oCLI.6ckCw.6ckCw.6ckCw.6gcVs.6gcVs.6gcVs.6kQei.6kQei.6kQei.6oAdw.6oAdw.6oAdw.6coMY.6cqoo.6cqoo.6cqoo.60dFA.6cp5Q.6cp5Q.6cp5Q.6dZwQ.6oHDy.6oHDy.6oHDy.6hKuI.6Z0fo?lang=en,https://shadowverse-portal.com/deck/3.3.5-gkQ.5-gkQ.5-gkQ.6hISM.6hISM.6hISM.6l6b2.6l6b2.6l6b2.6iU7y.6iU7y.6iU7y.6mFqY.6mFqY.6mFqY.6iWa2.6iWa2.6iWa2.6iZ0S.6iZ0S.6iZ0S.6mIGy.6mIGy.6mIGy.6ZnUy.6hNKY.6hNKY.6hNKY.6hPmo.6hPmo.6hPmo.6mFqi.6mFqi.6mFqi.6edYi.6edYi.6edYi.6iWaC.6iWaC.6iWaC?lang=en
TO | CleaR,174769067,https://shadowverse-portal.com/deck/3.3.5-gkQ.5-gkQ.5-gkQ.6hISM.6hISM.6hISM.6l6b2.6l6b2.6iU7y.6iU7y.6iU7y.6mFqY.6mFqY.6iWa2.6iWa2.6iWa2.6lCCQ.6iRhi.6iZ0S.6iZ0S.6iZ0S.6mIGy.6mIGy.6mIGy.gHqNQ.gHqNQ.gHqNQ.6ZnUy.6hNKY.6hNKY.6hPmo.6hPmo.6mFqi.6mFqi.6edYi.6edYi.6edYi.6iWaC.6iWaC.6iWaC?lang=en,https://shadowverse-portal.com/deck/3.6.6YBRY.6YBRY.6YBRY.6jdNI.6jdNI.6jdNI.6jfpi.6jfpi.6jfpi.6nTyi.6nTyi.6nTyi.5_pzw.5_pzw.6nPow.6nPow.6nPow.6nWOy.6nWOy.6nWOy.6jgYQ.6jgYQ.6jgYQ.5_pFg.5_pFg.6fu76.6fu76.6fu76.6nTyY.6nTyY.6nTyY.6c3zy.6c3zy.6c3zy.6fmoM.6nWOo.6nWOo.6nWOo.6jfpY.6jfpY?lang=en,https://shadowverse-portal.com/deck/3.7.6nnUY.6nnUY.6nnUY.6nssI.6nssI.6nssI.6hISM.6hISM.6hISM.6l6b2.6j_ny.6j_ny.6j_ny.6npwo.6npwo.6npwo.6nupS.6nupS.6nupS.6jzLY.6jzLY.6jzLY.6k4gI.6k4gI.6k4gI.6lCCQ.6lCCQ.6k4gS.6k4gS.6k4gS.6nsN2.6nsN2.6nsN2.6YeFI.6YeFI.6gGXS.6gGXS.6gGXS.6hNKY.6hNKY?lang=en
ShadowShadet,568213857,https://shadowverse-portal.com/deck/1.6.6YBRY.6YBRY.6jfpi.6jfpi.6jfpi.6nP4M.6nP4M.6nP4M.6nTyi.6nTyi.6nTyi.5_pzw.5_pzw.5_pzw.6nPow.6nPow.6nPow.6nWOy.6nWOy.6nWOy.6jgYQ.6jgYQ.6jgYQ.6fu76.6fu76.6fu76.6nTyY.6nTyY.6nTyY.6jiFo.6jiFo.6jiFo.6c3zy.6c3zy.6c3zy.6nWOo.6nWOo.6nWOo.6jfpY.6jfpY?lang=en,https://shadowverse-portal.com/deck/1.7.6nnUY.6nnUY.6nssI.6nssI.6nssI.6hISM.6hISM.6hISM.6l6b2.6l6b2.6l6b2.6j_ny.6j_ny.6j_ny.6npwo.6npwo.6npwo.6nupS.6nupS.6nupS.6jzLY.6jzLY.6jzLY.6k4gI.6k4gI.6k4gI.6lCCQ.6lCCQ.6cSOS.6cSOS.6k4gS.6k4gS.6k4gS.6nsN2.6nsN2.6nsN2.6YeFI.6gGXS.6gGXS.6gGXS?lang=en,https://shadowverse-portal.com/deck/1.3.5-gkQ.5-gkQ.5-gkQ.6iZ0c.6iZ0c.6iZ0c.5-gka.5-gka.5-gka.5-gkk.5-gkk.5-gkk.gHqNa.gHqNa.6eiR2.6eiR2.6eiR2.6iUNQ.6iUNQ.6lCCQ.6iZ0S.6iZ0S.6iZ0S.6W__a.6W__a.6W__a.6asag.6asag.6asag.6awkS.6ej9w.5-glM.5-glM.5-glM.6edYi.6edYi.6edYi.6iWaC.6iWaC.6iWaC?lang=en
MS Eladrin,549561890,https://shadowverse-portal.com/deck/1.6.6YBRY.6YBRY.6jfpi.6jfpi.6jfpi.6nP4M.6nP4M.6nP4M.6nTyi.6nTyi.6nTyi.5_pzw.5_pzw.5_pzw.6nPow.6nPow.6nPow.6nWOy.6nWOy.6nWOy.6jgYQ.6jgYQ.6jgYQ.6fu76.6fu76.6fu76.6nTyY.6nTyY.6nTyY.6jiFo.6jiFo.6jiFo.6c3zy.6c3zy.6c3zy.6nWOo.6nWOo.6nWOo.6jfpY.6jfpY?lang=en,https://shadowverse-portal.com/deck/1.7.6nnUY.6nnUY.6nssI.6nssI.6nssI.6hISM.6hISM.6hISM.6l6b2.6l6b2.6l6b2.6j_ny.6j_ny.6j_ny.6npwo.6npwo.6npwo.6nupS.6nupS.6nupS.6jzLY.6jzLY.6jzLY.6k4gI.6k4gI.6k4gI.6lCCQ.6lCCQ.6cSOS.6cSOS.6k4gS.6k4gS.6k4gS.6nsN2.6nsN2.6nsN2.6YeFI.6gGXS.6gGXS.6gGXS?lang=en,https://shadowverse-portal.com/deck/1.3.5-gkQ.5-gkQ.5-gkQ.6iZ0c.6iZ0c.6iZ0c.5-gka.5-gka.5-gka.5-gkk.5-gkk.5-gkk.gHqNa.gHqNa.6eiR2.6eiR2.6eiR2.6iUNQ.6iUNQ.6lCCQ.6iZ0S.6iZ0S.6iZ0S.6W__a.6W__a.6W__a.6asag.6asag.6asag.6awkS.6ej9w.5-glM.5-glM.5-glM.6edYi.6edYi.6edYi.6iWaC.6iWaC.6iWaC?lang=en
Mensou/REV,678569958,https://shadowverse-portal.com/deck/1.6.6jdNI.6jdNI.6jdNI.6jfpi.6jfpi.6jfpi.6nRWI.6nRWI.6nTyi.6nTyi.6nTyi.6nPow.6nPow.6nPow.6nWOy.6nWOy.6nWOy.6jgYQ.6jgYQ.6jgYQ.6c1Xs.6c1Xs.6c1Xs.6fu76.6fu76.6fu76.6nTyY.6nTyY.6nTyY.6jiFo.6jiFo.6jiFo.6c3zy.6c3zy.6nWOo.6nWOo.6nWOo.6jfpY.6jfpY.6jfpY?lang=en,https://shadowverse-portal.com/deck/3.3.5-gkQ.5-gkQ.5-gkQ.5-gka.5-gka.5-gka.5-gku.5-gku.6mLRw.gE0EQ.gE0EQ.gE0EQ.6ZjLA.6ZjLA.6X6bc.6X6bc.6iZ0S.6iZ0S.6iZ0S.6awkc.6awkc.6awkc.gHqNQ.gHqNQ.gHqNQ.6hNKY.6hNKY.6hNKY.6mFqi.6mFqi.6mFqi.5-glM.5-glM.5-glM.6edYi.6edYi.6edYi.6iWaC.6iWaC.6iWaC?lang=en,https://shadowverse-portal.com/deck/3.7.6nnUY.6nnUY.6nnUY.6nssI.6nssI.6nssI.6hISM.6hISM.6hISM.6j_ny.6j_ny.6npwo.6npwo.6npwo.6nupS.6nupS.6nupS.60COa.60COa.60COa.6jzLY.6jzLY.6jzLY.6k4gI.6k4gI.6k4gI.6k4gS.6k4gS.6k4gS.6nsN2.6nsN2.6nsN2.6YeFI.6YeFI.6YeFI.6gGXS.6gGXS.6gGXS.6hNKY.6hNKY?lang=en
Dis.Sana,332962590,https://shadowverse-portal.com/deck/1.3.5-gkQ.5-gkQ.5-gkQ.6hISM.6hISM.6hISM.6l6b2.6l6b2.6l6b2.6iU7y.6iU7y.6iU7y.6mFqY.6mFqY.6mFqY.5-gka.5-gka.6iWa2.6iWa2.6iWa2.6iZ0S.6iZ0S.6iZ0S.6mIGy.6mIGy.6mIGy.6ej9w.6ej9w.6hNKY.6hNKY.6hNKY.6hPmo.6hPmo.6hPmo.6edYi.6edYi.6edYi.6iWaC.6iWaC.6iWaC?lang=en#_=_,https://shadowverse-portal.com/deck/1.7.6nnUY.6nnUY.6nnUY.6nssI.6nssI.6nssI.6hISM.6hISM.6hISM.6l6b2.6l6b2.6l6b2.6cNVo.6cNVo.6cNVo.6gBey.6gBey.6j_ny.6j_ny.6j_ny.6npwo.6npwo.6npwo.6nupS.6nupS.6nupS.60COa.60COa.6jzLY.6jzLY.6jzLY.6k4gI.6k4gI.6k4gI.6nsN2.6nsN2.6nsN2.6YeFI.6YeFI.6YeFI?lang=en,https://shadowverse-portal.com/deck/1.6.6YBRY.6YBRY.6YBRY.6Y8W2.6Y8W2.6Y8W2.6frgY.6frgY.6frgY.6jfpi.6jfpi.6jfpi.6nP4M.6nP4M.5_p-4.5_p-4.6nWOy.6nWOy.6nWOy.6jgYQ.6jgYQ.6jgYQ.6fu76.6fu76.6fu76.6nTyY.6nTyY.6nTyY.6jiFo.6jiFo.6jiFo.6c3zy.6c3zy.6c3zy.6nWOo.6nWOo.6nWOo.6jfpY.6jfpY.6jfpY?lang=en
Fingaaa,516822662,https://shadowverse-portal.com/deck/3.6.6YBRY.6YBRY.6jfpi.6jfpi.6jfpi.6nRWI.6nRWI.6nRWI.6nTyi.6nTyi.6nTyi.5_p-4.5_p-4.5_p-4.6nPow.6nPow.6nPow.6nWOy.6nWOy.6nWOy.6jgYQ.6jgYQ.6jgYQ.6fu76.6fu76.6fu76.6nTyY.6nTyY.6nTyY.6jiFo.6jiFo.6c3zy.6c3zy.6c3zy.6nWOo.6nWOo.6nWOo.6jfpY.6jfpY.6jfpY?lang=en,https://shadowverse-portal.com/deck/3.2.6lwbA.6lwbA.6lwbA.5-Hbq.5-Hbq.5-Hbq.6eK0Y.6eK0Y.6eK0Y.5zW_g.5zW_g.5zW_g.6aRjw.6aRjw.6aRjw.6i6SA.6i6SA.6i6SA.6Wcs2.6Wcs2.6ltQM.6ltQM.6ltQM.5-IK4.5-IK4.5-IK4.6lu8w.6lu8w.6lu8w.6WiTQ.6WiTQ.6i3_w.6i3_w.6i3_w.6ZjLA.6ZjLA.6ZjLA.6ZgA2.6ZgA2.6ZgA2?lang=en,https://shadowverse-portal.com/deck/3.3.6hISM.6hISM.6hISM.6l6b2.6l6b2.6l6b2.6iU7y.6iU7y.6iU7y.6mFqY.6mFqY.6mFqY.6iWa2.6iWa2.6iWa2.6iUNQ.6iUNQ.6iUNQ.6iRhi.6iRhi.6iRhi.6iZ0S.6iZ0S.6iZ0S.6mIGy.6mIGy.6mIGy.6hNKY.6hNKY.6hNKY.6hPmo.6hPmo.6hPmo.6dbdo.6edYi.6edYi.6edYi.6iWaC.6iWaC.6iWaC?lang=en
PG | Zerofyne,265562109,https://shadowverse-portal.com/deck/3.8.6clwI.6clwI.6gYLw.6gYLw.6gYLw.6clwS.6clwS.6clwS.6ga3I.6ga3I.6oCLI.6oCLI.6oCLI.6ckCw.6ckCw.6ckCw.6gcVs.6gcVs.6gcVs.6kQei.6kQei.6kQei.6oAdw.6oAdw.6oAdw.6coMY.6cqoo.6cqoo.6cqoo.6cp5Q.6cp5Q.6cp5Q.6dZwQ.6oHDy.6oHDy.6oHDy.6hKuI.6hNKY.6hNKY.6hNKY,https://shadowverse-portal.com/deck/3.3.g2ZpQ.g2ZpQ.g2ZpQ.6hISM.6hISM.6hISM.6l6b2.6l6b2.6l6b2.6iU7y.6iU7y.6iU7y.6mFqY.6mFqY.6mFqY.6iWa2.6iWa2.6iWa2.6iZ0S.6iZ0S.6iZ0S.6mIGy.6mIGy.6mIGy.6W__a.6W__a.6W__a.6hNKY.6hNKY.6hNKY.6hPmo.6hPmo.6hPmo.6mFqi.6edYi.6edYi.6edYi.6iWaC.6iWaC.6iWaC,https://shadowverse-portal.com/deck/3.6.6YBRY.6YBRY.6jdNI.6jfpi.6jfpi.6jfpi.6nRWI.6nRWI.6nRWI.6nTyi.6nTyi.6nTyi.5_pzw.5_pzw.6nPow.6nPow.6nPow.6nWOy.6nWOy.6nWOy.6jgYQ.6jgYQ.6jgYQ.6fu76.6fu76.6fu76.6nTyY.6nTyY.6nTyY.6jiFo.6jiFo.6jiFo.6c3zy.6c3zy.6c3zy.6nWOo.6nWOo.6nWOo.6jfpY.6jfpY
Reioli,159014256,https://shadowverse-portal.com/deck/1.2.5-Hb2.5-Hb2.5-Hb2.6WfIS.6aVtY.6aVtY.6aVtY.6lz1Q.6lz1Q.6lz1Q.6aQ_M.6aQ_M.6aQ_M.6ltQC.6lvsS.6lvsS.6lvsS.6aRjw.6i6SA.6i6SA.6aYJo.6aYJo.6eMSy.6eMSy.6eMSy.6iAbo.6iAbo.6iAbo.6aVti.6aVti.6aVti.6l-ky.6l-ky.6l-ky.6l-ko.6l-ko.6l-ko.6WkAy.6WkAy.6WkAy?lang=en,https://shadowverse-portal.com/deck/1.5.6XtQc.6XtQc.6XtQc.6XmqQ.6XmqQ.6XmqQ.6VwvY.6VwvY.6XoXy.6XoXy.6XoXy.6XtQI.6XtQI.6XtQI.6fONY.6fONY.6jCWY.6jCWY.6jEyo.6jEyo.6jEyo.6fP6Q.6fP6Q.6fP6Q.6XoXo.6XoXo.6XoXo.6n5Y2.6n5Y2.6n5Y2.6jCWs.6jCWs.6jCWs.6n7-S.6bhZI.6bhZI.6bhZI.6ZnUy.6ZnUy.6ZnUy?lang=en,https://shadowverse-portal.com/deck/1.3.5-gkQ.5-gkQ.5-gkQ.6hISM.6hISM.6hISM.5-gka.5-gka.5-gka.5-gku.5-gku.6eeHQ.6eeHQ.6eeHQ.6X6bc.6X6bc.6iZ0S.6iZ0S.6iZ0S.6awkc.6awkc.6awkc.6W__a.6W__a.6W__a.6hNKY.6hNKY.6hNKY.6mFqi.6mFqi.6mFqi.5-glM.5-glM.5-glM.6edYi.6edYi.6edYi.6iWaC.6iWaC.6iWaC?lang=en
DerXello,659459322,https://shadowverse-portal.com/deck/3.8.6clwI.6gYLw.6gYLw.6gYLw.6clwS.6clwS.6clwS.6ga3I.6ga3I.6ga3I.6oCLI.6oCLI.6oCLI.6ckCw.6ckCw.6ckCw.6gcVs.6gcVs.6gcVs.6kQei.6kQei.6kQei.6oAdw.6oAdw.6oAdw.6coMY.6cqoo.6cqoo.6cqoo.60dFA.6cp5Q.6cp5Q.6cp5Q.6dZwQ.6oHDy.6oHDy.6oHDy.6hNKY.6hNKY.6hNKY?lang=en,https://shadowverse-portal.com/deck/3.3.5-gkQ.5-gkQ.5-gkQ.g97kQ.6iZ0c.6iZ0c.6iZ0c.5-gka.5-gka.5-gka.5-gku.5-gku.5-gku.6mLRw.6eiR2.6eiR2.6eiR2.6iUNQ.6iUNQ.6iUNQ.6lCCQ.6X49C.6iZ0S.6iZ0S.6iZ0S.gHqNQ.gHqNQ.gHqNQ.6hNKY.6hNKY.6hNKY.6mFqi.6mFqi.5-glM.5-glM.5-glM.6dbdo.6dbdo.6dbdo.6mN9I?lang=en,https://shadowverse-portal.com/deck/3.6.6YBRY.6hISC.6hISC.6hISC.6Y8W2.6Y8W2.6jdNI.6jdNI.6jdNI.6jfpi.6jfpi.6jfpi.6nPow.6nPow.6nPow.6nWOy.6nWOy.6nWOy.6jgYQ.6jgYQ.6jgYQ.5_pFg.6fu76.6fu76.6fu76.6nTyY.6nTyY.6nTyY.6jiFo.6jiFo.6jiFo.6c3zy.6c3zy.6c3zy.6nWOo.6nWOo.6nWOo.6jfpY.6jfpY.6jfpY?lang=en
Pain,187158781,https://shadowverse-portal.com/deck/3.6.6fpzA.6fpzA.6fpzA.6Y8W2.6Y8W2.6jfpi.6jfpi.6jfpi.6nRWI.6nRWI.6nTyi.6nTyi.6nTyi.5_pzw.5_pzw.5_pzw.6nPow.6nPow.6nPow.6nWOy.6nWOy.6nWOy.6jgYQ.6jgYQ.6jgYQ.6fu76.6fu76.6fu76.6nTyY.6nTyY.6nTyY.6jiFo.6jiFo.6c3zy.6c3zy.6nWOo.6nWOo.6nWOo.6jfpY.6jfpY?lang=en,https://shadowverse-portal.com/deck/3.7.6nnUY.6nnUY.6nnUY.6nssI.6nssI.6nssI.6hISM.6hISM.6hISM.6l6b2.6l6b2.6l6b2.6j_ny.6j_ny.6j_ny.6npwo.6npwo.6npwo.6nupS.6nupS.6nupS.60COa.60COa.60COa.6jzLY.6jzLY.6jzLY.6k4gI.6k4gI.6k4gI.6k4gS.6k4gS.6k4gS.6nsN2.6nsN2.6nsN2.6YeFI.6YeFI.6gGXS.6gGXS?lang=en,https://shadowverse-portal.com/deck/3.3.5-gkQ.5-gkQ.5-gkQ.6iZ0c.6iZ0c.6iZ0c.5-gka.5-gka.5-gka.5-gkk.5-gkk.5-gkk.5-gku.5-gku.5-gku.6eiR2.6eiR2.6eiR2.6iZ0S.6iZ0S.6iZ0S.6W__a.6W__a.6W__a.6asag.6asag.6asag.6awkS.6hNKY.6hNKY.6hNKY.5-glM.5-glM.5-glM.6edYi.6edYi.6edYi.6iWaC.6iWaC.6iWaC?lang=en
Sliiz,929413113,https://shadowverse-portal.com/deck/3.6.6YBRY.6YBRY.6YBRY.6jfpi.6jfpi.6jfpi.6nTyi.6nTyi.6nTyi.5_pzw.5_pzw.5_pzw.5_p-4.5_p-4.5_p-4.6nPow.6nPow.6nPow.6nWOy.6nWOy.6nWOy.6jgYQ.6jgYQ.6jgYQ.6fu76.6fu76.6fu76.6nTyY.6nTyY.6nTyY.6jiFo.6jiFo.6jiFo.6c3zy.6c3zy.6nWOo.6nWOo.6nWOo.6jfpY.6jfpY?lang=en#,https://shadowverse-portal.com/deck/3.2.5-Hb2.5-Hb2.5-Hb2.6aVtY.6aVtY.6aVtY.6lz1Q.6lz1Q.6lz1Q.6eK0Y.6eK0Y.6eK0Y.6lvsS.6lvsS.gHUPA.gHUPA.gHUPA.6aYJo.6aYJo.6aYJo.6eMSy.6eMSy.6eMSy.6iAbo.6iAbo.6iAbo.6aVti.6aVti.6aVti.6l-ky.6l-ky.6WiTQ.6WiTQ.6WiTQ.6l-ko.6l-ko.6l-ko.6WkAy.6WkAy.6WkAy?lang=en,https://shadowverse-portal.com/deck/3.3.5-gkQ.5-gkQ.5-gkQ.6iZ0c.6iZ0c.6iZ0c.5-gka.5-gka.5-gka.6mLRw.gHqNa.6eiR2.6eiR2.6iUNQ.6iZ0S.6iZ0S.6iZ0S.gHqNQ.gHqNQ.gHqNQ.6asag.6asag.6asag.6awkS.6ej9w.6hNKY.6hNKY.6hNKY.6mFqi.6mFqi.6mFqi.5-glM.5-glM.5-glM.6edYi.6edYi.6edYi.6iWaC.6iWaC.6iWaC?lang=en
38TheMaster1,662445608,https://shadowverse-portal.com/deck/3.6.6YBRY.6YBRY.6YBRY.6fpzA.6fpzA.6YAyI.6YAyI.6YAyI.6jfpi.6jfpi.6jfpi.6nRWI.6nRWI.6nTyi.6nTyi.6nTyi.6b_qA.6nPow.6nPow.6nWOy.6nWOy.6nWOy.6jgYQ.6jgYQ.6jgYQ.5_pFg.5_pFg.5_pFg.6fu76.6fu76.6fu76.6nTyY.6nTyY.6nTyY.6nWOo.6nWOo.6nWOo.6jfpY.6jfpY.6jfpY?lang=en,https://shadowverse-portal.com/deck/1.3.5-gkQ.5-gkQ.5-gkQ.6iZ0c.6iZ0c.6iZ0c.5-gka.5-gka.5-gka.5-gku.gHqNa.gHqNa.6eiR2.6eiR2.6eiR2.6iUNQ.6iZ0S.6iZ0S.6iZ0S.62Uta.6W__a.gHqNQ.6asag.6asag.6asag.6awkS.6ej9w.5-glM.5-glM.5-glM.6edYi.6edYi.6edYi.5-iRo.5-iRo.5-iRo.6iWaC.6iWaC.6iWaC.6awkI?lang=en,https://shadowverse-portal.com/deck/3.7.6nnUY.6nnUY.6nnUY.6nssI.6nssI.6nssI.6hISM.6hISM.6hISM.6cNVo.6cNVo.6cNVo.6npwo.6npwo.6npwo.6nupS.6nupS.6nupS.6jzLY.6jzLY.6jzLY.6k4gI.6k4gI.6k4gI.6k4gS.6k4gS.6k4gS.6nsN2.6nsN2.6nsN2.6YeFI.6YeFI.6YeFI.6gGXS.6gGXS.6gGXS.6hNKY.6hNKY.6hNKY.6hPmo?lang=en
DB Praetorian,349150472,https://shadowverse-portal.com/deck/3.3.5-gkQ.5-gkQ.5-gkQ.6iZ0c.6iZ0c.6iZ0c.5-gka.5-gka.5-gka.5-gkk.5-gkk.gHqNa.gHqNa.6eiR2.6eiR2.6eiR2.6lCCQ.6iZ0S.6iZ0S.6iZ0S.gHqNQ.gHqNQ.gHqNQ.6asag.6asag.6asag.6awkS.6ej9w.6hNKY.6hNKY.6hNKY.5-glM.5-glM.5-glM.6edYi.6edYi.6edYi.6iWaC.6iWaC.6iWaC?lang=en,https://shadowverse-portal.com/deck/3.6.6YFqo.6YFqo.6YFqo.6jdNI.6jdNI.6jdNI.6jfpi.6jfpi.6jfpi.5_pzw.5_pzw.5_pzw.6nPow.6nPow.6nPow.6nWOy.6nWOy.6nWOy.6jgYQ.6jgYQ.6jgYQ.6fu76.6fu76.6fu76.6nTyY.6nTyY.6nTyY.f_uB2.6jiFo.6jiFo.6jiFo.6c3zy.6c3zy.6c3zy.6nWOo.6nWOo.6nWOo.6jfpY.6jfpY.6jfpY?lang=en,https://shadowverse-portal.com/deck/3.7.6nnUY.6nnUY.6nnUY.6YXPo.6YXPo.6nssI.6nssI.6nssI.6hISM.6hISM.6hISM.6cNVo.6cNVo.6cNVo.6npwo.6npwo.6npwo.6nupS.6nupS.6nupS.6jzLY.6jzLY.6jzLY.6k4gI.6k4gI.6k4gI.6lCCQ.6lCCQ.6nsN2.6nsN2.6nsN2.6YeFI.6YeFI.6gGXS.6gGXS.6gGXS.6hNKY.6hNKY.6hNKY.6lDvo?lang=en
Havoc,517180700,https://shadowverse-portal.com/deck/1.6.6YBRY.6YBRY.6YBRY.6jdNI.6jdNI.6jdNI.6jfpi.6jfpi.6jfpi.6nTyi.6nTyi.6nTyi.5_pzw.5_pzw.5_pzw.6nPow.6nPow.6nPow.6nWOy.6nWOy.6nWOy.6jgYQ.6jgYQ.6jgYQ.6fu76.6fu76.6fu76.6nTyY.6nTyY.6nTyY.6jiFo.6jiFo.6c3zy.6c3zy.6c3zy.6nWOo.6nWOo.6nWOo.6jfpY.6jfpY?lang=en,https://shadowverse-portal.com/deck/1.3.5-gkQ.5-gkQ.5-gkQ.6iZ0c.6iZ0c.6iZ0c.5-gka.5-gka.5-gka.5-gkk.5-gkk.6eiR2.6eiR2.6eiR2.6iUNQ.6iZ0S.6iZ0S.6iZ0S.6dZwQ.6dZwQ.gHqNQ.gHqNQ.gHqNQ.6asag.6asag.6asag.6awkS.6ej9w.6hNKY.6hNKY.6hNKY.5-glM.5-glM.5-glM.6edYi.6edYi.6edYi.6iWaC.6iWaC.6iWaC?lang=en,https://shadowverse-portal.com/deck/1.8.6gYLw.6gYLw.6gYLw.6Z0fy.6clwS.6clwS.6clwS.6ga3I.6ga3I.6ga3I.6oCLI.6oCLI.6oCLI.6ckCw.6ckCw.6ckCw.6gcVs.6gcVs.6gcVs.6kQei.6kQei.6oAdw.6oAdw.6oAdw.6coMY.6coMY.6cqoo.6cqoo.6cqoo.60dFA.60dFA.6cp5Q.6dZwQ.6dZwQ.6oHDy.6oHDy.6oHDy.6hNKY.6hNKY.6hNKY?lang=en
VACOOL,497070195,https://shadowverse-portal.com/deck/1.3.5-gkQ.5-gkQ.5-gkQ.6hISM.6hISM.6hISM.5-gka.5-gka.5-gka.5-gku.5-gku.gE0EQ.gE0EQ.gE0EQ.6X6bc.6X6bc.6iZ0S.6iZ0S.6iZ0S.6awkc.6awkc.6awkc.gHqNQ.gHqNQ.gHqNQ.6hNKY.6hNKY.6hNKY.6mFqi.6mFqi.6mFqi.5-glM.5-glM.5-glM.6edYi.6edYi.6edYi.6iWaC.6iWaC.6iWaC?lang=en,https://shadowverse-portal.com/deck/1.5.6XtQc.6XoXy.6XoXy.6XoXy.6XtQI.6XtQI.6XtQI.6jEyo.6jEyo.6jEyo.6fP6Q.6fP6Q.6fP6Q.6XoXo.6XoXo.6XoXo.6bcgo.6bcgo.6jCWs.6jCWs.6jCWs.6bhZI.6bhZI.6bhZI.6jEyy.6jEyy.6jEyy.6jJrI.6jJrS.6jJrS.6jJrS.6ZnUy.6ZnUy.6ZnUy.6jJrc.6jJrc.6jJrc.6hNKY.6hNKY.6hNKY?lang=en,https://shadowverse-portal.com/deck/1.2.5-Hb2.5-Hb2.5-Hb2.6WfIS.6aVtY.6aVtY.6aVtY.6lz1Q.6lz1Q.6lz1Q.6aQ_M.6aQ_M.6aQ_M.6ltQC.6lvsS.6lvsS.6lvsS.6aRjw.6i6SA.6i6SA.6aYJo.6aYJo.6eMSy.6eMSy.6eMSy.6iAbo.6iAbo.6iAbo.6aVti.6aVti.6aVti.6l-ky.6l-ky.6l-ky.6l-ko.6l-ko.6l-ko.6WkAy.6WkAy.6WkAy?lang=en#_=_
Shisogenius,837148518,https://shadowverse-portal.com/deck/1.6.6YBRY.6YBRY.6Y8W2.6Y8W2.6Y8W2.6jfpi.6jfpi.6jfpi.6nTyi.6nTyi.6nTyi.5_p-4.5_p-4.6nPow.6nPow.6nPow.6nWOy.6nWOy.6nWOy.6jgYQ.6jgYQ.6jgYQ.6fu76.6fu76.6fu76.6nTyY.6nTyY.6nTyY.6jiFo.6jiFo.6jiFo.6c3zy.6c3zy.6c3zy.6nWOo.6nWOo.6nWOo.6jfpY.6jfpY.6jfpY?lang=en,https://shadowverse-portal.com/deck/1.7.6nnUY.6nnUY.6nnUY.6nssI.6nssI.6nssI.6hISM.6hISM.6hISM.6j_ny.6j_ny.6j_ny.6npwo.6npwo.6npwo.6nupS.6nupS.6nupS.6jzLY.6jzLY.6jzLY.6k4gI.6k4gI.6k4gI.6lCCQ.6lCCQ.6k4gS.6k4gS.6k4gS.6nsN2.6nsN2.6nsN2.6YeFI.6YeFI.6gGXS.6gGXS.6gGXS.6hNKY.6hNKY.6lDvo?lang=en,https://shadowverse-portal.com/deck/3.8.6gYLw.6gYLw.6gYLw.6l6b2.6l6b2.6l6b2.6clwS.6clwS.6clwS.6ga3I.6ga3I.6ga3I.6oCLI.6oCLI.6oCLI.6ckCw.6ckCw.6gcVs.6gcVs.6gcVs.6kQei.6kQei.6kQei.6oAdw.6oAdw.6oAdw.6lCCQ.6cqoo.6cqoo.6cqoo.6cp5Q.6cp5Q.6oHDy.6oHDy.6oHDy.6oHDo.6oHDo.6oHDo.6hNKY.6hNKY?lang=en
Monomi,893223896,https://shadowverse-portal.com/deck/1.6.6YBRY.6YBRY.6YBRY.6hISC.6hISC.6hISC.6Y8W2.6Y8W2.6jfpi.6jfpi.6jfpi.6b_qA.6nPow.6nPow.6nPow.6nWOy.6nWOy.6nWOy.6jgYQ.6jgYQ.6jgYQ.5_pFg.6fu76.6fu76.6fu76.6nTyY.6nTyY.6nTyY.6jiFo.6jiFo.6jiFo.6c3zy.6c3zy.6c3zy.6nWOo.6nWOo.6nWOo.6jfpY.6jfpY.6jfpY?lang=en,https://shadowverse-portal.com/deck/1.7.6nnUY.6nnUY.6nnUY.6nssI.6nssI.6nssI.6hISM.6l6b2.6l6b2.6l6b2.6cNVo.6cNVo.6j_ny.6j_ny.6j_ny.6npwo.6npwo.6npwo.6nupS.6nupS.6nupS.6jzLY.6jzLY.6jzLY.6k4gI.6k4gI.6k4gI.6lCCQ.6k4gS.6k4gS.6k4gS.6nsN2.6nsN2.6nsN2.6gCNg.6YeFI.6YeFI.6gGXS.6gGXS.6gGXS?lang=en,https://shadowverse-portal.com/deck/1.8.6gYLw.6gYLw.6gYLw.6l6b2.6l6b2.6clwS.6clwS.6clwS.6ga3I.6ga3I.6ga3I.6oCLI.6oCLI.6oCLI.6ckCw.6ckCw.6ckCw.6gcVs.6gcVs.6gcVs.6kQei.6kQei.6oAdw.6oAdw.6oAdw.6coMY.6cqoo.6cqoo.6cqoo.6cp5Q.6cp5Q.6cp5Q.6dZwQ.6oHDy.6oHDy.6oHDy.6oHDo.6oHDo.6oHDo.6hNKY?lang=en
Shokuyoku,932152261,https://shadowverse-portal.com/deck/3.6.6hISM.6hISM.6hISM.6l6b2.6l6b2.6l6b2.6jdNI.6jdNI.6jdNI.6jiFy.6jiFy.6jiFy.6nP42.6nP42.6nP42.5_pzw.5_pzw.6nPow.6nPow.6nPow.6jaxM.6jaxM.6jaxM.6jgYQ.6jgYQ.6jgYQ.6nRWS.6nRWS.6jdNS.6jdNS.6jdNS.6jiG6.6jiG6.6jiG6.6hNKY.6hNKY.6hNKY.6hPmo.6hPmo.6hPmo?lang=en,https://shadowverse-portal.com/deck/3.1.5zWm2.5zWm2.6hgss.6hgss.6hgss.6l6b2.6l6b2.6l6b2.6hoBS.6hoBS.6hoBS.6lXRo.6lXRo.6lXRo.6lZuC.6lZuC.6lZuC.gDHrg.gDHrg.gDHrg.6a9vc.6a9vc.6a9vc.6hgsi.6hgsi.6lU_s.6lU_s.6lU_s.6ld3A.6ld3A.6ld3A.6hjIo.6hjIo.6hjIo.6hoBI.6hoBI.6hoBI.6lcKI.6lcKI.6lcKI?lang=en,https://shadowverse-portal.com/deck/3.5.6XmqQ.6XmqQ.6XmqQ.6l6b2.6l6b2.6l6b2.6l91I.6l91I.6jCWi.6jCWi.6jCWi.gEn3Q.gEn3Q.gEn3Q.6n0fi.6n0fi.6n0fi.6jFCQ.6jFCQ.6jFCQ.6n3b2.6n3b2.6n3b2.6jJrI.6jJrI.6jJrI.6n1OQ.6n1OQ.6n1OQ.6n6Gw.6n6Gw.6n6Gw.6XrTI.6XrTI.6hNKY.6hNKY.6hNKY.6n7-I.6n7-I.6n7-I?lang=enQ.6jFCQ.6jFCQ.6n3b2.6n3b2.6n3b2.6jJrI.6jJrI.6jJrI.6n1OQ.6n1OQ.6n1OQ.6n6Gw.6n6Gw.6n6Gw.6XrTI.6XrTI.6hNKY.6hNKY.6hNKY.6n7-I.6n7-I.6n7-I?lang=enQ.6jFCQ.6jFCQ.6n3b2.6n3b2.6n3b2.6jJrI.6jJrI.6jJrI.6n1OQ.6n1OQ.6n1OQ.6n6Gw.6n6Gw.6n6Gw.6XrTI.6XrTI.6hNKY.6hNKY.6hNKY.6n7-I.6n7-I.6n7-I?lang=en
DIS.Himari,681941426,https://shadowverse-portal.com/deck/1.3.5-gkQ.5-gkQ.5-gkQ.6hISM.6hISM.6hISM.6l6b2.6l6b2.6l6b2.6iU7y.6iU7y.6iU7y.6mFqY.6mFqY.6mFqY.6iWa2.6iWa2.6iWa2.6iZ0S.6iZ0S.6iZ0S.6mIGy.6mIGy.6mIGy.62Uta.62Uta.62Uta.6hNKY.6hNKY.6hNKY.6hPmo.6hPmo.6hPmo.6dbdo.6edYi.6edYi.6edYi.6iWaC.6iWaC.6iWaC?lang=en,https://shadowverse-portal.com/deck/1.6.6YBRY.6YBRY.6YBRY.6jdNI.6jdNI.6jfpi.6jfpi.6jfpi.6nP4M.6nP4M.6nTyi.6nTyi.6nTyi.5_pzw.6nPow.6nPow.6nWOy.6nWOy.6nWOy.6jgYQ.6jgYQ.6jgYQ.6fu76.6fu76.6fu76.6nTyY.6nTyY.6nTyY.6jiFo.6jiFo.6jiFo.6c3zy.6c3zy.6c3zy.6nWOo.6nWOo.6nWOo.6jfpY.6jfpY.6jfpY?lang=en,https://shadowverse-portal.com/deck/1.8.6clwI.6clwI.6gYLw.6gYLw.6clwS.6clwS.6clwS.6ga3I.6ga3I.6ga3I.6kLm2.6kLm2.6kQeY.6oCLI.6oCLI.6oCLI.6ckCw.6ckCw.6ckCw.6gcVs.6gcVs.6gcVs.6kQei.6kQei.6kQei.6oAdw.6oAdw.6oAdw.6coMY.6coMY.6cqoo.6cqoo.6cqoo.6cp5Q.6cp5Q.6cp5Q.6dZwQ.6oHDy.6oHDy.6oHDy?lang=en
SpikyBits,416838265,https://shadowverse-portal.com/deck/1.1.5zvAY.5zvAY.5zvAY.6a3JQ.6a3JQ.6a3JQ.6WERY.6WERY.6hgsY.6hgsY.6hgsY.6lXRo.6lXRo.6lXRo.g1o-Q.g1o-Q.g1o-Q.6a9vc.6a9vc.6a9vc.6ld3A.6ld3A.6ld3A.6WJKC.6WJKC.6WJKC.6dxcC.6dxcC.6dxcC.6a50o.6a50o.6hoBI.6hoBI.6hoBI.6lcKI.6lcKI.6lcKI.6hNKY.6hNKY.6hNKY?lang=en,https://shadowverse-portal.com/deck/1.6.6Y8W2.6Y8W2.6YAyI.6YAyI.6jfpi.6jfpi.6nTyi.6nTyi.5_pzw.5_pzw.6nPow.6nPow.6nPow.g3j34.g3j34.g3j34.6nWOy.6nWOy.6nWOy.6jgYQ.6jgYQ.6jgYQ.6fu76.6fu76.6fu76.6nTyY.6nTyY.6nTyY.6jiFo.6jiFo.6jiFo.6c3zy.6c3zy.6c3zy.6nWOo.6nWOo.6nWOo.6jfpY.6jfpY.6jfpY?lang=en,https://shadowverse-portal.com/deck/3.8.gFwIw.gFwIw.gFwIw.6clwS.6clwS.6clwS.6ga3I.6ga3I.6ga3I.6oCLI.6oCLI.6oCLI.6ckCw.6ckCw.6ckCw.6gcVs.6gcVs.6gcVs.6kQei.6kQei.6kQei.6oAdw.6oAdw.6oAdw.6coMY.6coMY.6cqoo.6cqoo.6cqoo.60dFA.6cp5Q.6cp5Q.6cp5Q.6dZwQ.6oHDy.6oHDy.6oHDy.6hNKY.6hNKY.6hNKY?lang=en#
HSK Symphonus,566427145,https://shadowverse-portal.com/deck/1.8.6clwI.6clwI.6gYLw.6gYLw.6gYLw.6clwS.6clwS.6clwS.6ga3I.6ga3I.6ga3I.6oCLI.6oCLI.6oCLI.6ckCw.6ckCw.6ckCw.6gcVs.6gcVs.6gcVs.6kQei.6kQei.6kQei.6oAdw.6oAdw.6oAdw.6coMY.6cqoo.6cqoo.6cqoo.60dFA.6cp5Q.6cp5Q.6cp5Q.6oHDy.6oHDy.6oHDy.6hNKY.6hNKY.6hNKY?lang=en,https://shadowverse-portal.com/deck/1.6.6YBRY.6YBRY.6YBRY.6jfpi.6jfpi.6jfpi.6nP4M.6nP4M.6nP4M.6nTyi.6nTyi.6nTyi.5_pzw.5_pzw.6nPow.6nPow.6nPow.6nWOy.6nWOy.6nWOy.6jgYQ.6jgYQ.6jgYQ.6fu76.6fu76.6fu76.6nTyY.6nTyY.6nTyY.6jiFo.6jiFo.6c3zy.6c3zy.6c3zy.6nWOo.6nWOo.6nWOo.6jfpY.6jfpY.6jfpY?lang=en,https://shadowverse-portal.com/deck/1.7.6nnUY.6nnUY.6nnUY.6nssI.6nssI.6nssI.6hISM.6hISM.6hISM.6l6b2.6l6b2.6j_ny.6j_ny.6npwo.6npwo.6npwo.6nupS.6nupS.6nupS.6jzLY.6jzLY.6jzLY.6k4gI.6k4gI.6k4gI.6k01Q.6k2EC.6k2EC.6k4gS.6k4gS.6nsN2.6nsN2.6nsN2.6YeFI.6YeFI.6gGXS.6gGXS.6gGXS.6hNKY.6hNKY?lang=en
Rask,944684470,https://shadowverse-portal.com/deck/3.7.6nnUY.6nnUY.6nnUY.6nssI.6nssI.6nssI.6hISM.6hISM.6hISM.6j_ny.6j_ny.6j_ny.6npwo.6npwo.6npwo.6nupS.6nupS.6nupS.6jzLY.6jzLY.6jzLY.6k4gI.6k4gI.6k4gI.6lCCQ.6lCCQ.6k4gS.6k4gS.6k4gS.6nsN2.6nsN2.6nsN2.6YeFI.6YeFI.6YeFI.6gGXS.6gGXS.6gGXS.6hNKY.6hNKY?lang=en,https://shadowverse-portal.com/deck/3.6.6YBRY.6hISC.6hISC.6hISC.6Y8W2.6Y8W2.6Y8W2.6jdNI.6jdNI.6jdNI.6jfpi.6jfpi.6jfpi.6nPow.6nPow.6nWOy.6nWOy.6nWOy.6jgYQ.6jgYQ.6jgYQ.6c1Xs.6fu76.6fu76.6fu76.6nTyY.6nTyY.6nTyY.6jiFo.6jiFo.6jiFo.6c3zy.6c3zy.6c3zy.6nWOo.6nWOo.6nWOo.6jfpY.6jfpY.6jfpY?lang=en,https://shadowverse-portal.com/deck/3.2.6hISM.6hISM.6hISM.6l6b2.6l6b2.6l6b2.6i3H2.6i3H2.6i3H2.6i6SA.6i6SA.6eMSy.6eMSy.6eMSy.6lyIY.6lyIY.6lyIY.6lCCQ.6lCCQ.6i89Y.6i89Y.6i89Y.6WiTQ.6WiTQ.6iAby.6iAby.6iAby.6hNKY.6hNKY.6hNKY.6hPmo.6hPmo.6hPmo.6WkAy.6WkAy.6WkAy.6eMSo.6eMSo.6eMSo.6eMT6?lang=en
ｖａｐｏ/REV,155235801,https://shadowverse-portal.com/deck/3.7.6nnUY.6nnUY.6nnUY.6nssI.6nssI.6nssI.6hISM.6hISM.6hISM.6l6b2.6l6b2.6l6b2.6j_ny.6j_ny.6j_ny.6npwo.6npwo.6npwo.6nupS.6nupS.6nupS.60COa.60COa.60COa.6jzLY.6jzLY.6jzLY.6k4gI.6k4gI.6k4gI.6k4gS.6k4gS.6nsN2.6nsN2.6nsN2.6YeFI.6YeFI.6gGXS.6gGXS.6gGXS?lang=en,https://shadowverse-portal.com/deck/1.6.6jdNI.6jdNI.6jdNI.6jfpi.6jfpi.6jfpi.6nTyi.6nTyi.6nTyi.5_pzw.5_pzw.5_pzw.6nPow.6nPow.6nPow.6nWOy.6nWOy.6nWOy.6jgYQ.6jgYQ.6jgYQ.6c1Xs.6fu76.6fu76.6fu76.6nTyY.6nTyY.6nTyY.6jiFo.6jiFo.6jiFo.6c3zy.6c3zy.6c3zy.6nWOo.6nWOo.6nWOo.6jfpY.6jfpY.6jfpY?lang=en,https://shadowverse-portal.com/deck/3.3.g2ZpQ.g2ZpQ.g2ZpQ.5-gka.5-gka.5-gka.gE0EQ.gE0EQ.gE0EQ.gHqNa.6eiR2.6eiR2.6eiR2.6X6bc.6X6bc.6X6bc.6iZ0S.6iZ0S.6iZ0S.6awkc.6awkc.6awkc.gHqNQ.gHqNQ.gHqNQ.6hNKY.6hNKY.6hNKY.6mFqi.6mFqi.6mFqi.5-glM.5-glM.5-glM.6edYi.6edYi.6edYi.6iWaC.6iWaC.6iWaC?lang=en
Atmos,313662362,https://shadowverse-portal.com/deck/3.6.6YBRY.6YBRY.6YBRY.6jdNI.6jdNI.6jfpi.6jfpi.6jfpi.6nP4M.6nP4M.6nP4M.6nTyi.6nTyi.6nTyi.6nPow.6nPow.6nPow.6nWOy.6nWOy.6nWOy.6jgYQ.6jgYQ.6jgYQ.6fu76.6fu76.6fu76.6nTyY.6nTyY.6nTyY.6jiFo.6jiFo.6jiFo.6c3zy.6c3zy.6nWOo.6nWOo.6nWOo.6jfpY.6jfpY.6jfpY?lang=en,https://shadowverse-portal.com/deck/3.7.6nnUY.6nnUY.6nnUY.6nssI.6nssI.6nssI.6hISM.6hISM.6hISM.6l6b2.6l6b2.6l6b2.6j_ny.6j_ny.6j_ny.6npwo.6npwo.6npwo.6nupS.6nupS.6nupS.6jzLY.6jzLY.6jzLY.6k4gI.6k4gI.6k4gI.6k4gS.6k4gS.6k4gS.6nsN2.6nsN2.6nsN2.6YeFI.6YeFI.6YeFI.6gGXS.6gGXS.6gGXS.6lDvo?lang=en,https://shadowverse-portal.com/deck/3.8.6clwI.6clwI.6clwI.6gYLw.6gYLw.6gYLw.6l6b2.6l6b2.6clwS.6clwS.6clwS.6oCLI.6oCLI.6oCLI.6ckCw.6ckCw.6ckCw.6gcVs.6gcVs.6gcVs.6kQei.6kQei.6kQei.6oAdw.6oAdw.6oAdw.6coMY.6coMY.6coMY.6cqoo.6cqoo.6cqoo.6cp5Q.6cp5Q.6oHDy.6oHDy.6oHDy.6hNKY.6hNKY.6hNKY?lang=en
KaraShoujo,307262251,https://shadowverse-portal.com/deck/3.7.6nnUY.6nnUY.6nssI.6nssI.6nssI.6hISM.6hISM.6hISM.6l6b2.6j_ny.6j_ny.6j_ny.6npwo.6npwo.6npwo.6nupS.6nupS.6nupS.60COa.60COa.6jzLY.6jzLY.6jzLY.6k4gI.6k4gI.6k4gI.6k4gS.6k4gS.6k4gS.6nsN2.6nsN2.6nsN2.6YeFI.6YeFI.6gGXS.6gGXS.6k2E2.6hNKY.6hNKY.6hNKY?lang=en,https://shadowverse-portal.com/deck/3.3.5-gkQ.5-gkQ.5-gkQ.6iZ0c.6iZ0c.6iZ0c.5-gka.5-gka.5-gkk.5-gkk.gHqNa.6eiR2.6eiR2.6eiR2.6iUNQ.6iUNQ.6lCCQ.6iZ0S.6iZ0S.gHqNQ.gHqNQ.gHqNQ.6asag.6asag.6asag.6awkS.6ej9w.6hNKY.6hNKY.6hNKY.5-glM.5-glM.5-glM.6edYi.6edYi.6edYi.6iWaC.6iWaC.6iWaC.6awkI?lang=en,https://shadowverse-portal.com/deck/3.6.6YBRY.6jdNI.6jdNI.6jfpi.6jfpi.6nP4M.6nRWI.6nRWI.6nRWI.6nTyi.5_pzw.5_pzw.5_pzw.6nPow.6nPow.6nPow.6nWOy.6nWOy.6nWOy.6jgYQ.6jgYQ.6jgYQ.5_pFg.5_pFg.5_pFg.6fu76.6fu76.6fu76.6nTyY.6nTyY.6nTyY.6jiFo.6jiFo.6c3zy.6c3zy.6nWOo.6nWOo.6nWOo.6jfpY.6jfpY?lang=en
Kasai,720921771,https://shadowverse-portal.com/deck/1.2.5zWm2.5zWm2.5zWm2.6Wdaw.6Wdaw.6lwbA.6lwbA.6lwbA.6VzLy.6VzLy.6l74I.6l74I.6eK0Y.6eK0Y.6eK0Y.6aRjw.6aRjw.6i6SA.6i6SA.6i6SA.6ZjLA.6ZjLA.6ltQM.6ltQM.6ltQM.5-IK4.5-IK4.5-IK4.6lu8w.6lu8w.6lu8w.6i3_w.6i3_w.6i3_w.6ZgA2.6ZgA2.6ZgA2.6hNKY.6hNKY.6hNKY?lang=en,https://shadowverse-portal.com/deck/1.1.6lZu2.6lZu2.6lZu2.6a3JQ.6a3JQ.6a3JQ.6hhbQ.6hhbQ.6hhbQ.6WEwo.6WEwo.6WEwo.6VzLy.6VzLy.6VzLy.6dZBY.6dZBY.6dZBY.6l6b2.6VxeQ.6VxeQ.6VxeQ.6lZuC.6lZuC.6lZuC.5zvvQ.5zvvQ.5zvvQ.6dvug.6dvug.6dvug.6hmTw.6hmTw.6hmTw.6a33o.6a33o.6a33o.6a9vc.6a9vc.6a9vc?lang=en,https://shadowverse-portal.com/deck/1.4.5zWm2.5zWm2.5zWm2.6bEGc.6bEGc.6bEGc.6bHRQ.6bHRQ.6bHRQ.6l6b2.6l6b2.6l6b2.6bBqM.6bBqM.6bBqM.6iq62.6iq62.6iq62.6ixQy.6ixQy.6ixQy.6meF2.6meF2.6meF2.6e_zM.6e_zM.6e_zM.6mghS.6mghS.6mghS.6bJ8o.6bJ8o.6bJ8o.6ixQo.6ixQo.6ixQo.6hNKY.6hNKY.6hNKY.6XSZs?lang=en
PG | Akamarured,140337043,https://shadowverse-portal.com/deck/1.3.g2ZpQ.g2ZpQ.g2ZpQ.6iZ0c.6iZ0c.6iZ0c.5-gka.5-gka.5-gka.gE0EQ.gE0EQ.gE0EQ.6eiR2.6eiR2.6eiR2.6iZ0S.6iZ0S.6iZ0S.6awkc.6awkc.gHqNQ.gHqNQ.gHqNQ.6asag.6asag.6asag.6awkS.6ej9w.6mFqi.6mFqi.6mFqi.5-glM.5-glM.5-glM.6edYi.6edYi.6edYi.6iWaC.6iWaC.6iWaC?lang=en,https://shadowverse-portal.com/deck/1.6.6Y8W2.6Y8W2.6YAyI.6YAyI.6jfpi.6jfpi.6nTyi.6nTyi.5_pzw.5_pzw.6nPow.6nPow.6nPow.g3j34.g3j34.g3j34.6nWOy.6nWOy.6nWOy.6jgYQ.6jgYQ.6jgYQ.6fu76.6fu76.6fu76.6nTyY.6nTyY.6nTyY.6jiFo.6jiFo.6jiFo.6c3zy.6c3zy.6c3zy.6nWOo.6nWOo.6nWOo.6jfpY.6jfpY.6jfpY?lang=en,https://shadowverse-portal.com/deck/1.7.6nnUY.6nnUY.6nnUY.6nssI.6nssI.6nssI.6hISM.6hISM.6hISM.6cNVo.6cNVo.6cNVo.6j_ny.6j_ny.6npwo.6npwo.6npwo.6nupS.6nupS.6nupS.6jzLY.6jzLY.6jzLY.6k4gI.6k4gI.6lCCQ.6lCCQ.6k4gS.6k4gS.6k4gS.6nsN2.6nsN2.6nsN2.6YeFI.6gGXS.6gGXS.6gGXS.6lDvo.6lDvo.6lDvy?lang=en
HSK azuru,826402291,https://shadowverse-portal.com/deck/3.6.6YBRY.6YBRY.6YBRY.6hISM.6hISM.6hISM.6l6b2.6l6b2.6l6b2.6jdNI.6jdNI.6jdNI.6jiFy.6jiFy.6jiFy.6nP42.6nP42.6nP42.6nPow.6nPow.6nPow.6jaxM.6jaxM.6jaxM.6jgYQ.6jgYQ.6jgYQ.6nR_Y.6jdNS.6jdNS.6jdNS.6jiG6.6jiG6.6jiG6.6hNKY.6hNKY.6hNKY.6hPmo.6hPmo.6hPmo?lang=en,https://shadowverse-portal.com/deck/3.7.6nnUY.6nnUY.6nnUY.6nssI.6nssI.6nssI.6hISM.6hISM.6hISM.6l6b2.6l6b2.6j_ny.6j_ny.6j_ny.6npwo.6npwo.6npwo.6nupS.6nupS.6nupS.6jzLY.6jzLY.6jzLY.6k4gI.6k4gI.6k4gI.6lCCQ.6lCCQ.6k4gS.6k4gS.6nsN2.6nsN2.6nsN2.6YeFI.6YeFI.6gGXS.6gGXS.6gGXS.6hNKY.6hNKY?lang=en,https://shadowverse-portal.com/deck/3.3.5-gkQ.5-gkQ.5-gkQ.6hISM.6hISM.6hISM.6l6b2.6l6b2.6l6b2.6iU7y.6iU7y.6iU7y.6mFqY.6mFqY.6mFqY.6iWa2.6iWa2.6iWa2.6iZ0S.6iZ0S.6iZ0S.6mIGy.6mIGy.6mIGy.gHqNQ.gHqNQ.gHqNQ.6hNKY.6hNKY.6hPmo.6hPmo.6mFqi.6mFqi.6mFqi.6edYi.6edYi.6edYi.6iWaC.6iWaC.6iWaC?lang=en
Niper777,678147414,https://shadowverse-portal.com/deck/1.6.6YBRY.6YBRY.6YBRY.6jfpi.6nP4M.6nP4M.6nRWI.6nRWI.6nRWI.6nTyi.6nTyi.6nTyi.5_pzw.5_pzw.6nPow.6nPow.6nPow.6nWOy.6nWOy.6nWOy.6jgYQ.6jgYQ.6jgYQ.6jdcw.6jdcw.6fu76.6fu76.6fu76.6jiFo.6jiFo.6jiFo.6c3zy.6c3zy.6c3zy.6nWOo.6nWOo.6nWOo.6jfpY.6jfpY.6jfpY?lang=es,https://shadowverse-portal.com/deck/1.8.6clwI.6clwI.6gYLw.6gYLw.6gYLw.6Z0fy.6Z0fy.6Z0fy.6clwS.6clwS.6clwS.6ga3I.6ga3I.6ga3I.6oCLI.6oCLI.6oCLI.6ckCw.6ckCw.6gcVs.6gcVs.6gcVs.6kQei.6kQei.6kQei.6lCCQ.6lCCQ.6lCCQ.6coMY.6coMY.6coMY.6cqoo.6cqoo.6cqoo.60dFA.6cp5Q.6cp5Q.6hNKY.6hNKY.6hNKY?lang=es,https://shadowverse-portal.com/deck/1.7.6nnUY.6nnUY.6nnUY.6nssI.6nssI.6nssI.6hISM.6hISM.6hISM.6l6b2.6l6b2.6j_ny.6j_ny.6npwo.6npwo.6npwo.6nupS.6nupS.6nupS.6jzLY.6jzLY.6jzLY.6k4gI.6k4gI.6k4gI.6lCCQ.6lCCQ.6k2EC.6k4gS.6k4gS.6nsN2.6nsN2.6nsN2.6YeFI.6YeFI.6gGXS.6gGXS.6gGXS.6hNKY.6hNKY?lang=es
TK Akinox,811358813,https://shadowverse-portal.com/deck/1.2.5-Hb2.5-Hb2.5-Hb2.6aVtY.6aVtY.6aVtY.6lz1Q.6lz1Q.6lz1Q.6aQ_M.6eK0Y.6eK0Y.6eK0Y.gHUPA.gHUPA.gHUPA.6aYJo.6aYJo.6aYJo.6eMSy.6eMSy.6eMSy.6iAbo.6iAbo.6iAbo.6aVti.6aVti.6aVti.6l-ky.6l-ky.6l-ky.6WiTQ.6WiTQ.6WiTQ.6l-ko.6l-ko.6l-ko.6WkAy.6WkAy.6WkAy?lang=en,https://shadowverse-portal.com/deck/1.3.5-gkQ.5-gkQ.5-gkQ.6hISM.6hISM.6hISM.5-gka.5-gka.5-gka.6eeHQ.6eeHQ.6eeHQ.gHqNa.6eiR2.6X6bc.6X6bc.6iZ0S.6iZ0S.6iZ0S.6awkc.6awkc.6awkc.6W__a.6W__a.6W__a.6hNKY.6hNKY.6hNKY.6mFqi.6mFqi.6mFqi.5-glM.5-glM.5-glM.6edYi.6edYi.6edYi.6iWaC.6iWaC.6iWaC?lang=en,https://shadowverse-portal.com/deck/1.6.6YBRY.6YBRY.6Y8W2.6Y8W2.6Y8W2.6jfpi.6jfpi.6jfpi.6nRWI.6nRWI.6nRWI.6nTyi.5_pzw.6nPow.6nPow.6nPow.6nWOy.6nWOy.6nWOy.6jgYQ.6jgYQ.6jgYQ.6fu76.6fu76.6fu76.6nTyY.6nTyY.6nTyY.f_uB2.6jiFo.6jiFo.6c3zy.6c3zy.6c3zy.6nWOo.6nWOo.6nWOo.6jfpY.6jfpY.6jfpY?lang=en
HSK Rias,911694588,https://shadowverse-portal.com/deck/1.7.6nnUY.6nnUY.6nnUY.6nssI.6nssI.6nssI.6hISM.6hISM.6hISM.6l6b2.6l6b2.6j_ny.6j_ny.6j_ny.6npwo.6npwo.6npwo.6nupS.6nupS.6nupS.6jzLY.6jzLY.6jzLY.6k4gI.6k4gI.6k4gI.6k2EC.6k2EC.6k4gS.6k4gS.6nsN2.6nsN2.6nsN2.6YeFI.6YeFI.6gGXS.6gGXS.6gGXS.6hNKY.6hNKY?lang=en,https://shadowverse-portal.com/deck/1.6.6YBRY.6YBRY.6YBRY.6Y8W2.6jdNI.6jdNI.6jdNI.6jfpi.6jfpi.6jfpi.6nTyi.6nTyi.6nTyi.5_pzw.5_pzw.5_pzw.6nPow.6nPow.6nWOy.6nWOy.6nWOy.6jgYQ.6jgYQ.6jgYQ.6fu76.6fu76.6fu76.6nTyY.6nTyY.6nTyY.6jiFo.6jiFo.6c3zy.6c3zy.6nWOo.6nWOo.6nWOo.6jfpY.6jfpY.6jfpY,https://shadowverse-portal.com/deck/1.3.5-gkQ.5-gkQ.5-gkQ.6hISM.6hISM.6hISM.6l6b2.6l6b2.6l6b2.6iU7y.6iU7y.6iU7y.6mFqY.6mFqY.6mFqY.6iWa2.6iWa2.6iWa2.6iZ0S.6iZ0S.6iZ0S.6mIGy.6mIGy.6mIGy.6W__a.6W__a.6W__a.6ZnUy.6hNKY.6hNKY.6hNKY.6hPmo.6hPmo.6hPmo.6edYi.6edYi.6edYi.6iWaC.6iWaC.6iWaC
DBPandemonia,341300310,https://shadowverse-portal.com/deck/3.7.6nnUY.6nnUY.6nnUY.6nssI.6nssI.6nssI.6hISM.6hISM.6hISM.6j_ny.6j_ny.6j_ny.6npwo.6npwo.6npwo.6nupS.6nupS.6nupS.60COa.60COa.60COa.6jzLY.6jzLY.6jzLY.6k4gI.6k4gI.6k4gI.6k4gS.6k4gS.6nsN2.6nsN2.6nsN2.6YeFI.6YeFI.6YeFI.6gGXS.6gGXS.6gGXS.6hNKY.6hNKY?lang=en,https://shadowverse-portal.com/deck/3.2.5-Hb2.5-Hb2.5-Hb2.6aVtY.6aVtY.6aVtY.6lz1Q.6lz1Q.6lz1Q.6eK0Y.6eK0Y.6eK0Y.6lvsS.6lvsS.gHUPA.gHUPA.gHUPA.6aYJo.6aYJo.6aYJo.6eMSy.6eMSy.6eMSy.6iAbo.6iAbo.6iAbo.6aVti.6aVti.6aVti.6l-ky.6l-ky.6WiTQ.6WiTQ.6WiTQ.6l-ko.6l-ko.6l-ko.6WkAy.6WkAy.6WkAy?lang=en,https://shadowverse-portal.com/deck/1.6.6jdNI.6jdNI.6jdNI.6jfpi.6jfpi.6jfpi.6nTyi.6nTyi.6nTyi.5_pzw.5_pzw.5_pzw.6nPow.6nPow.6nPow.6nWOy.6nWOy.6nWOy.6jgYQ.6jgYQ.6jgYQ.5_pFg.6fu76.6fu76.6fu76.6nTyY.6nTyY.6nTyY.6jiFo.6jiFo.6jiFo.6c3zy.6c3zy.6c3zy.6nWOo.6nWOo.6nWOo.6jfpY.6jfpY.6jfpY?lang=en
Villager C,267257338,https://shadowverse-portal.com/deck/1.1.6hgss.6hgss.6hgss.6l6b2.6l6b2.6l6b2.6VuyY.6VuyY.6VuyY.6hoBS.6hoBS.6hoBS.6lXRo.6lXRo.6lXRo.6lZuC.6lZuC.6lZuC.5zvvQ.5zvvQ.5zvvQ.6a9vc.6a9vc.6a9vc.6lU_s.6lU_s.6lU_s.6ld3A.6ld3A.6ld3A.6WGto.6dxcC.6hjIo.6hjIo.6hjIo.6hoBI.6hoBI.6lcKI.6lcKI.6lcKI?lang=en,https://shadowverse-portal.com/deck/1.3.5-gkQ.5-gkQ.5-gkQ.6hISM.6hISM.6hISM.6l6b2.6l6b2.6l6b2.6iU7y.6iU7y.6iU7y.6mFqY.6mFqY.6mFqY.6iWa2.6iWa2.6iWa2.6iRhi.6iRhi.6iRhi.6iZ0S.6iZ0S.6iZ0S.6mIGy.6mIGy.6mIGy.6ZnUy.6hNKY.6hNKY.6hNKY.6mFqi.6mFqi.6mFqi.6edYi.6edYi.6edYi.6iWaC.6iWaC.6iWaC?lang=en,https://shadowverse-portal.com/deck/1.8.6cmfA.6cmfA.6cmfA.6kOCI.6kOCI.6kOCI.6kRNQ.6kRNQ.6kRNQ.6l6b2.60a4-.60a4-.60a4-.6kLmM.6kLmM.6kLmM.6o9v2.6o9v2.6o9v2.6gcVs.6gcVs.6gcVs.6oAdw.6oAdw.6cqoy.6oCLS.6oCLS.6oCLS.6gaoA.6gaoA.6gaoA.6gexo.6gexo.6gexo.6kOCS.6kOCS.6kOCS.6oHDo.6oHDo.6oHDo?lang=en
raidensoul,468735903,https://shadowverse-portal.com/deck/1.7.6nnUY.6nnUY.6nnUY.6nssI.6nssI.6cNVo.6cNVo.6cNVo.6j_ny.6j_ny.6j_ny.6npwo.6npwo.6npwo.6nupS.6nupS.6nupS.60COa.60COa.6jzLY.6jzLY.6jzLY.6k4gI.6k4gI.6k4gI.6lCCQ.6cSOS.6k4gS.6k4gS.6nsN2.6nsN2.6nsN2.6YeFI.6YeFI.6gGXS.6gGXS.6gGXS.6hNKY.6hNKY.6hNKY?lang=en,https://shadowverse-portal.com/deck/3.6.6jdNI.6jdNI.6jdNI.6jfpi.6jfpi.6jfpi.6nP4M.6nP4M.6nRWI.6nRWI.6nRWI.6nTyi.6nTyi.6nPow.6nPow.6nPow.6nWOy.6nWOy.6jgYQ.6jgYQ.6jgYQ.6fu76.6fu76.6fu76.6nTyY.6nTyY.6jiFo.6jiFo.6jiFo.6c3zy.6c3zy.6c3zy.6nWOo.6nWOo.6nWOo.6jfpY.6jfpY.6jfpY.6nWOy.6nTyY?lang=en,https://shadowverse-portal.com/deck/1.3.5-gkQ.5-gkQ.5-gkQ.6mG4A.6mG4A.6mG4A.6hISM.6hISM.5-gka.5-gka.5-gka.gE0EQ.gE0EQ.gE0EQ.gHqNa.gHqNa.6mIGo.6mIGo.6mIGo.6X6bc.6iZ0S.6iZ0S.6awkc.6awkc.6awkc.gHqNQ.gHqNQ.gHqNQ.6hNKY.6hNKY.6hNKY.6mFqi.6mFqi.6mFqi.6edYi.6edYi.6edYi.6iWaC.6iWaC.6iWaC?lang=en
TK suktar,651204107,https://shadowverse-portal.com/deck/3.7.6nnUY.6nnUY.6nnUY.6nssI.6nssI.6nssI.6hISM.6hISM.6hISM.6l6b2.6j_ny.6j_ny.6j_ny.6npwo.6npwo.6npwo.6nupS.6nupS.6nupS.6jzLY.6jzLY.6jzLY.6k4gI.6k4gI.6k4gI.6lCCQ.6lCCQ.6k4gS.6k4gS.6k4gS.6nsN2.6nsN2.6nsN2.6YeFI.6YeFI.6gGXS.6gGXS.6gGXS.6k2E2.6hNKY,https://shadowverse-portal.com/deck/3.3.5-gkQ.5-gkQ.5-gkQ.6iZ0c.6iZ0c.6iZ0c.5-gka.5-gka.5-gka.gHqNa.6eiR2.6eiR2.6eiR2.6iZ0S.6iZ0S.6iZ0S.6dZwQ.6W__a.6W__a.6W__a.6asag.6asag.6asag.6awkS.6ej9w.6hNKY.6hNKY.6hNKY.6mFqi.6mFqi.6mFqi.5-glM.5-glM.5-glM.6edYi.6edYi.6edYi.6iWaC.6iWaC.6iWaC,https://shadowverse-portal.com/deck/3.4.6bEGc.6bEGc.6bEGc.6bHRQ.6bHRQ.6bHRQ.6VwvY.6VwvY.6bBqM.6bBqM.6bBqM.6bJ96.6bJ96.6bJ96.5_38w.5_38w.5_38w.6e_zM.6e_zM.6f4ri.6f4ri.6f4ri.6bCYw.6isnw.6isnw.6bJ8o.6bJ8o.6bJ8o.6dbdy.6dbdy.6dbdy.6XSZs.6XSZs.6XSZs.6mlZy.6mlZy.6mlZo.6mlZo.6mlZo.6e_zM
Cookie/REV,698532515,https://shadowverse-portal.com/deck/3.6.6YBRY.6YBRY.6YBRY.6Y8W2.6Y8W2.6Y8W2.6jfpi.6jfpi.6jfpi.6nP4M.6nP4M.6nTyi.6nTyi.6nPow.6nPow.6nWOy.6nWOy.6nWOy.6jgYQ.6jgYQ.6jgYQ.6c1Xs.6fu76.6fu76.6fu76.6nTyY.6nTyY.6nTyY.6jiFo.6jiFo.6jiFo.6c3zy.6c3zy.6c3zy.6nWOo.6nWOo.6nWOo.6jfpY.6jfpY.6jfpY?lang=en,https://shadowverse-portal.com/deck/3.7.6YbpC.6YbpC.6YbpC.6gGXc.6gGXc.6gGXc.6nnUY.6nnUY.6nnUY.6nssI.6nssI.6nssI.6hISM.6cNVo.6cNVo.6cNVo.6jzLs.6jzLs.6npwo.6npwo.6npwo.6nupS.6nupS.6nupS.60COa.60COa.6jzLY.6jzLY.6jzLY.6k4gI.6k4gI.6k4gI.6nsN2.6nsN2.6nsN2.6YeFI.6YeFI.6gGXS.6gGXS.6gGXS?lang=en,https://shadowverse-portal.com/deck/1.3.5-gkQ.5-gkQ.5-gkQ.6iZ0c.6iZ0c.6iZ0c.5-gka.5-gka.5-gka.5-gkk.5-gkk.5-gku.5-gku.6eiR2.6eiR2.6eiR2.6iZ0S.6iZ0S.6iZ0S.6W__a.6W__a.6W__a.6asag.6asag.6asag.6awkS.6ej9w.6ej9w.6hNKY.6hNKY.6hNKY.5-glM.5-glM.5-glM.6edYi.6edYi.6edYi.6iWaC.6iWaC.6iWaC?lang=en
コトコ,370109946,https://shadowverse-portal.com/deck/3.8.6gYLw.6gYLw.6gYLw.6l6b2.6l6b2.6l6b2.6clwS.6clwS.6clwS.6ga3I.6ga3I.6ga3I.6oCLI.6oCLI.6oCLI.6ckCw.6ckCw.6ckCw.6gcVs.6gcVs.6gcVs.6oAdw.6oAdw.6oAdw.6coMY.6cqoo.6cqoo.6cqoo.6kMUw.6kMUw.6kMUw.6oHDy.6oHDy.6oHDy.6oHDo.6oHDo.6oHDo.6hNKY.6hNKY.6hNKY,https://shadowverse-portal.com/deck/3.7.6nnUY.6nnUY.6nnUY.6nssI.6nssI.6nssI.6hISM.6hISM.6hISM.6npwo.6npwo.6npwo.6nupS.6nupS.6nupS.60COa.60COa.6cL3s.6cL3s.6jzLY.6jzLY.6k4gI.6k4gI.6lCCQ.6lCCQ.6cSOS.6cSOS.6k2EC.6k2EC.6k4gS.6k4gS.6nsN2.6nsN2.6nsN2.6YeFI.6YeFI.6k2E2.6k2E2.6YcXw.6YcXw,https://shadowverse-portal.com/deck/3.3.5-gkQ.5-gkQ.5-gkQ.6iU7y.6iU7y.6iU7y.6mFqY.6mFqY.6mFqY.6iWa2.6iWa2.6iWa2.6iUNQ.6iUNQ.6iZ0S.6iZ0S.6iZ0S.6mIGy.6mIGy.6mIGy.gHqNQ.gHqNQ.gHqNQ.6mFqi.6mFqi.6mFqi.6edYi.6edYi.6edYi.6iWaC.6iWaC.6l6b2.6l6b2.6l6b2.6hNKY.6hNKY.6hNKY.6hPmo.6hPmo.6hPmo
Llama,488374786,https://shadowverse-portal.com/deck/3.8.6gYLw.6gYLw.6gYLw.6Z0fy.6Z0fy.6clwS.6clwS.6clwS.6ga3I.6ga3I.6ga3I.6oCLI.6oCLI.6oCLI.6ckCw.6ckCw.6ckCw.6gcVs.6gcVs.6gcVs.6kQei.6kQei.6oAdw.6oAdw.6oAdw.6lCCQ.6lCCQ.6coMY.6coMY.6coMY.6cqoo.6cqoo.6cqoo.6cp5Q.6cp5Q.6cp5Q.6dZwQ.6oHDy.6oHDy.6oHDy?lang=en,https://shadowverse-portal.com/deck/3.7.6nnUY.6nnUY.6nnUY.6nssI.6nssI.6nssI.6hISM.6hISM.6hISM.6l6b2.6l6b2.6l6b2.6j_ny.6j_ny.6npwo.6npwo.6npwo.6nupS.6nupS.6nupS.6jzLY.6jzLY.6jzLY.6k4gI.6k4gI.6k4gI.6lCCQ.6lCCQ.6k4gS.6k4gS.6k4gS.6nsN2.6nsN2.6nsN2.6YeFI.6YeFI.6YeFI.6gGXS.6gGXS.6gGXS?lang=en,https://shadowverse-portal.com/deck/3.6.6YBRY.6YBRY.6Y8W2.6Y8W2.6Y8W2.6jfpi.6jfpi.6jfpi.6nTyi.6nTyi.6nTyi.6b_qA.6b_qA.6nPow.6nPow.6nPow.6nWOy.6nWOy.6nWOy.6jgYQ.6jgYQ.6jgYQ.5_pFg.5_pFg.6fu76.6fu76.6fu76.6nTyY.6nTyY.6nTyY.6jiFo.6jiFo.6jiFo.6c3zy.6nWOo.6nWOo.6nWOo.6jfpY.6jfpY.6jfpY?lang=en
Fluffy Panda,522121989,https://shadowverse-portal.com/deck/3.2.5-Hb2.5-Hb2.5-Hb2.6WfIS.6aVtY.6aVtY.6ltQ2.6ltQ2.6ltQ2.6lz1Q.6lz1Q.6lz1Q.6aQ_M.6aQ_M.6aQ_M.6ltQC.6lvsS.6lvsS.6lvsS.6aRjw.gHUPA.gHUPA.6aYJo.6aYJo.6aYJo.6eMSy.6eMSy.6eMSy.6iAbo.6iAbo.6iAbo.6aVti.6aVti.6aVti.6l-ky.6l-ky.6l-ky.6WkAy.6WkAy.6WkAy?lang=en,https://shadowverse-portal.com/deck/3.6.6YBRY.6YBRY.6hISC.6hISC.6jax2.6jax2.6jdNI.6jdNI.6jdNI.6jfpi.6jfpi.6jfpi.6nPow.6nPow.6nWOy.6nWOy.6nWOy.6jgYQ.6jgYQ.6jgYQ.6c1Xs.6c1Xs.6fu76.6fu76.6fu76.6nTyY.6nTyY.6nTyY.6jiFo.6jiFo.6jiFo.6c3zy.6c3zy.6c3zy.6nWOo.6nWOo.6nWOo.6jfpY.6jfpY.6jfpY?lang=en,https://shadowverse-portal.com/deck/3.7.6nnUY.6nnUY.6nssI.6nssI.6nssI.6hISM.6hISM.6hISM.6l6b2.6l6b2.6l6b2.6j_ny.6j_ny.6j_ny.6npwo.6npwo.6npwo.6nupS.6nupS.6nupS.6jzLY.6jzLY.6jzLY.6k4gI.6k4gI.6k4gI.6cSOS.6cSOS.6k2EC.6k2EC.6k4gS.6k4gS.6nsN2.6nsN2.6nsN2.6YeFI.6YeFI.6gGXS.6gGXS.6gGXS?lang=en
Glaurung,598394435,https://shadowverse-portal.com/deck/1.6.6jfpi.6jfpi.6jfpi.6nRWI.6nRWI.6nRWI.6nTyi.6nTyi.6nTyi.5_pzw.5_pzw.5_pzw.6nPow.6nPow.6nPow.6nWOy.6nWOy.6nWOy.6jgYQ.6jgYQ.6jgYQ.5_pFg.6fu76.6fu76.6fu76.6nTyY.6nTyY.6nTyY.6jiFo.6jiFo.6jiFo.6c3zy.6c3zy.6c3zy.6nWOo.6nWOo.6nWOo.6jfpY.6jfpY.6jfpY?lang=en,https://shadowverse-portal.com/deck/1.7.6nnUY.6nnUY.6nnUY.6YXPo.6YXPo.6YXPo.6nssI.6nssI.6nssI.6hISM.6hISM.6hISM.6l6b2.6l6b2.6l6b2.6cNVo.6cNVo.6npwo.6npwo.6npwo.6nupS.6nupS.6nupS.6jzLY.6jzLY.6jzLY.6k4gI.6k4gI.6k4gI.6k2EC.6k4gS.6k4gS.6nsN2.6nsN2.6nsN2.6YeFI.6YeFI.6gGXS.6gGXS.6gGXS?lang=en,https://shadowverse-portal.com/deck/1.3.5-gkQ.5-gkQ.5-gkQ.5-gka.5-gka.5-gka.6eeHQ.6eeHQ.6eeHQ.6mLRw.6X6bc.6iZ0S.6iZ0S.6iZ0S.6awkc.6awkc.6awkc.6W__a.6W__a.6W__a.6asag.6asag.6ej9w.6hNKY.6hNKY.6hNKY.6iRhY.6iRhY.6mFqi.6mFqi.6mFqi.5-glM.5-glM.5-glM.6edYi.6edYi.6edYi.6iWaC.6iWaC.6iWaC?lang=en
X-Bahamut89,408330152,https://shadowverse-portal.com/deck/3.8.6clwI.6clwI.6clwI.6gYLw.gFwIw.gFwIw.6clwS.6clwS.6clwS.6ga3I.6ga3I.6ga3I.6oCLI.6oCLI.6oCLI.6gcVs.6gcVs.6gcVs.6kQei.6kQei.6kQei.6oAdw.6oAdw.6oAdw.6cqoo.6cqoo.6cqoo.60dFA.6cp5Q.6cp5Q.6cp5Q.6oHDy.6oHDy.6oHDy.6dZwQ.6dZwQ.6dZwQ.6hNKY.6hNKY.6hNKY?lang=en,https://shadowverse-portal.com/deck/3.7.6nnUY.6nnUY.6nnUY.6YXPo.6nssI.6nssI.6nssI.6hISM.6hISM.6hISM.6l6b2.6l6b2.6l6b2.6npwo.6npwo.6npwo.6nupS.6nupS.6nupS.60COa.60COa.60COa.6jzLY.6jzLY.6jzLY.6k4gI.6k4gI.6k4gI.6nsN2.6nsN2.6nsN2.6YeFI.6YeFI.6YeFI.6gGXS.6gGXS.6gGXS.6k2E2.6k2E2.6k2E2?lang=en,https://shadowverse-portal.com/deck/3.6.6YBRY.6YBRY.6YBRY.6jfpi.6jfpi.6jfpi.6nP4M.6nP4M.6nP4M.6nTyi.6nTyi.6nTyi.6nWOy.6nWOy.6nWOy.6jgYQ.6jgYQ.6jgYQ.6fu76.6fu76.6fu76.6nTyY.6nTyY.6nTyY.6jiFo.6c3zy.6c3zy.6c3zy.6nWOo.6nWOo.6nWOo.6jfpY.6jfpY.6jfpY.6hISC.6hISC.6hISC.6hKuS.6hKuS.6hKuS?lang=en
HSK BlueLily,371616883,https://shadowverse-portal.com/deck/3.6.6YBRY.6YBRY.6YBRY.6hISM.6hISM.6hISM.6l6b2.6l6b2.6l6b2.6jiFy.6jiFy.6jiFy.6nP42.6nP42.6nP42.6nPow.6nPow.6nPow.6jaxM.6jaxM.6jaxM.6jbfw.6jgYQ.6jgYQ.6jgYQ.6nRWS.6nRWS.6nRWS.6jdNS.6jdNS.6jdNS.6jiG6.6jiG6.6jiG6.6hNKY.6hNKY.6hNKY.6hPmo.6hPmo.6hPmo?lang=en,https://shadowverse-portal.com/deck/3.7.6nnUY.6nnUY.6nnUY.6YXPo.6YXPo.6YXPo.6nssI.6nssI.6nssI.6cNVo.6cNVo.6cNVo.6npwo.6npwo.6npwo.6nupS.6nupS.6nupS.60COa.60COa.60COa.6jzLY.6jzLY.6jzLY.6k4gI.6k4gI.6k4gI.6nsN2.6nsN2.6nsN2.6dZwQ.6dZwQ.6YeFI.6YeFI.6YeFI.6gGXS.6gGXS.6gGXS.6k2E2.6k2E2?lang=en,https://shadowverse-portal.com/deck/3.2.6ltQ2.6ltQ2.6ltQ2.6lz1Q.6lz1Q.6lz1Q.6eK0Y.6eK0Y.6eK0Y.6i3H2.6ltQC.6ltQC.6ltQC.6lvsS.6lvsS.6lvsS.6i6SA.6i6SA.gHUPA.6aYJo.6aYJo.6aYJo.6eMSy.6eMSy.6eMSy.6aVti.6aVti.6aVti.6l-ky.6l-ky.6l-ky.6WiTQ.6WiTQ.6WiTQ.6l-ko.6l-ko.6l-ko.6WkAy.6WkAy.6WkAy?lang=en
HSKBravehood,190440447,https://shadowverse-portal.com/deck/3.6.6YBRY.6YBRY.6YBRY.6Y8W2.6Y8W2.6Y8W2.6jfpi.6jfpi.6jfpi.6nTyi.6nTyi.6nTyi.5_pzw.6nPow.6nPow.6nPow.6nWOy.6nWOy.6nWOy.6jgYQ.6jgYQ.6jgYQ.6fu76.6fu76.6fu76.6nTyY.6nTyY.6nTyY.6jiFo.6jiFo.6jiFo.6c3zy.6c3zy.6c3zy.6nWOo.6nWOo.6nWOo.6jfpY.6jfpY.6jfpY?lang=en,https://shadowverse-portal.com/deck/3.7.6nnUY.6nnUY.6nnUY.6nssI.6nssI.6nssI.6hISM.6hISM.6hISM.6l6b2.6l6b2.6j_ny.6j_ny.6j_ny.6npwo.6npwo.6npwo.6nupS.6nupS.6nupS.6jzLY.6jzLY.6jzLY.6k4gI.6k4gI.6k4gI.6cSOS.6k4gS.6k4gS.6nsN2.6nsN2.6nsN2.6YeFI.6YeFI.6gGXS.6gGXS.6gGXS.6hNKY.6hNKY.6hNKY?lang=en,https://shadowverse-portal.com/deck/3.3.5-gkQ.5-gkQ.5-gkQ.6hISM.6hISM.6hISM.5-gka.5-gka.5-gka.6eeHQ.6eeHQ.6eeHQ.gHqNa.gHqNa.6X6bc.6X6bc.6iZ0S.6iZ0S.6iZ0S.6awkc.6awkc.6awkc.62Uta.62Uta.62Uta.6hNKY.6hNKY.6hNKY.6mFqi.6mFqi.6mFqi.5-glM.5-glM.5-glM.6edYi.6edYi.6edYi.6iWaC.6iWaC.6iWaC?lang=en
DanDer,653143361,https://shadowverse-portal.com/deck/3.6.6hISM.6hISM.6hISM.6l6b2.6l6b2.6l6b2.6jdNI.6jdNI.6jdNI.6jiFy.6jiFy.6jiFy.6nP42.6nP42.6nP42.5_pzw.6nPow.6nPow.6nPow.6jaxM.6jaxM.6jaxM.6jbfw.6jgYQ.6jgYQ.6jgYQ.6nRWS.6nRWS.6nRWS.6jdNS.6jdNS.6jdNS.6jiG6.6jiG6.6jiG6.6hNKY.6hNKY.6hNKY.6hPmo.6hPmo?lang=en,https://shadowverse-portal.com/deck/3.3.5-gkQ.5-gkQ.5-gkQ.6mFqY.6mFqY.6mFqY.5-gka.5-gka.5-gka.6eeHQ.6eeHQ.6eeHQ.6eiR2.6eiR2.6eiR2.6X6bc.6iZ0S.6iZ0S.6iZ0S.6awkc.6awkc.6awkc.6W__a.6W__a.6W__a.6mFqi.6mFqi.6mFqi.5-glM.5-glM.5-glM.6edYi.6edYi.6edYi.6iWaC.6iWaC.6iWaC.6hNKY.6hNKY.6hNKY?lang=en,https://shadowverse-portal.com/deck/3.8.6gYLw.6gYLw.6gYLw.6l6b2.6l6b2.6l6b2.6clwS.6clwS.6clwS.6ga3I.6ga3I.6ga3I.6oCLI.6oCLI.6oCLI.6ckCw.6ckCw.6ckCw.6gcVs.6gcVs.6gcVs.6kQei.6kQei.6kQei.6oAdw.6oAdw.6oAdw.6coMY.6cqoo.6cqoo.6cqoo.6oHDy.6hNKY.6hNKY.6hNKY.6Z0fy.6Z0fy.6clwI.6clwI.6Z0fy?lang=en
SïYes,859459132,https://shadowverse-portal.com/deck/3.1.6hgss.6hgss.6hgss.6lXRo.6lXRo.6lXRo.6hoBS.6hoBS.6hoBS.6lZuC.6lZuC.6lZuC.5zvvQ.5zvvQ.5zvvQ.6a9vc.6a9vc.6a9vc.6hgsi.6hgsi.6hgsi.6lU_s.6lU_s.6lU_s.6ld3A.6ld3A.6ld3A.6hjIo.6hjIo.6hjIo.6hoBI.6hoBI.6lcKI.6lcKI.6l6b2.6l6b2.6l6b2.6hNKY.6hNKY.6hNKY?lang=en,https://shadowverse-portal.com/deck/3.8.6clwI.6clwI.6clwI.6gYLw.6gYLw.6gYLw.6clwS.6clwS.6clwS.6ga3I.6ga3I.6ga3I.6ckCw.6ckCw.6ckCw.6gcVs.6gcVs.6gcVs.6kQei.6kQei.6kQei.6coMY.6cqoo.6cqoo.6cqoo.6cp5Q.6cp5Q.6cp5Q.6hNKY.6hNKY.6kLm2.6kLm2.6kLm2.6oHDy.6oHDy.6oHDy.6oCLI.6oCLI.6oCLI.6hNKY?lang=en,https://shadowverse-portal.com/deck/3.6.6fpzA.6hISM.6hISM.6hISM.6l6b2.6l6b2.6l6b2.6jdNI.6jdNI.6jdNI.6jiFy.6jiFy.6jiFy.6nP42.6nP42.6nP42.gIzcw.gIzcw.gIzcw.6jaxM.6jaxM.6jaxM.6jgYQ.6jgYQ.6jgYQ.6nRWS.6nRWS.6nRWS.6jdNS.6jdNS.6jdNS.6jiG6.6jiG6.6jiG6.6hNKY.6hNKY.6hNKY.6hPmo.6hPmo.6hPmo?lang=en
ShadowVice,850017101,https://shadowverse-portal.com/deck/3.7.6nnUY.6nnUY.6nnUY.6nssI.6nssI.6nssI.6hISM.6hISM.6hISM.6npwo.6npwo.6npwo.6nupS.6nupS.6nupS.6jzLY.6jzLY.6jzLY.6k4gI.6k4gI.6k4gI.6k4gS.6k4gS.6k4gS.6nsN2.6nsN2.6nsN2.6YeFI.6YeFI.6YeFI.6gGXS.6gGXS.6gGXS.6j_ny.6j_ny.6j_ny.6hNKY.6hNKY.6hNKY.6nnUi?lang=ja,https://shadowverse-portal.com/deck/3.6.6jdNI.6jdNI.6jdNI.6jfpi.6jfpi.6nRWI.6nRWI.6nRWI.6nTyi.6nTyi.6nTyi.5_pzw.5_pzw.6nPow.6nPow.6nPow.6nWOy.6nWOy.6nWOy.6jgYQ.6jgYQ.6jgYQ.6fu76.6fu76.6fu76.6nTyY.6nTyY.6nTyY.6jiFo.6jiFo.6jiFo.6c3zy.6c3zy.6c3zy.6nWOo.6nWOo.6nWOo.6jfpY.6jfpY.6jfpY?lang=ja,https://shadowverse-portal.com/deck/3.3.5-gkQ.5-gkQ.5-gkQ.6iZ0c.6iZ0c.6iZ0c.5-gka.5-gka.5-gka.5-gkk.5-gkk.5-gkk.5-gku.6eiR2.6eiR2.6eiR2.6iUNQ.6iZ0S.6iZ0S.6W__a.6W__a.6W__a.6asag.6asag.6asag.6awkS.6hNKY.6hNKY.6hNKY.5-glM.5-glM.5-glM.6edYi.6edYi.6edYi.6iWaC.6iWaC.6iWaC.6iZ0S.6ej9w?lang=ja
Fen,202387335,https://shadowverse-portal.com/deck/3.7.6nnUY.6nnUY.6nnUY.6nssI.6nssI.6nssI.6hISM.6hISM.6hISM.6cNVo.6npwo.6npwo.6npwo.6nupS.6nupS.6nupS.6cL3s.6cL3s.6jzLY.6jzLY.6jzLY.6k4gI.6k4gI.6lCCQ.6cSOS.6cSOS.6k4gS.6k4gS.6k4gS.6nsN2.6nsN2.6nsN2.6YeFI.6YeFI.6YeFI.6gGXS.6gGXS.6k2E2.6k2E2.6k2E2?lang=en,https://shadowverse-portal.com/deck/3.6.6hISM.6hISM.6hISM.6l6b2.6l6b2.6l6b2.6jdNI.6jdNI.6jdNI.6jiFy.6jiFy.6jiFy.6nP42.6nP42.6nP42.6nPow.6nPow.6jaxM.6jaxM.6jaxM.6jgYQ.6jgYQ.6jgYQ.6jdcw.6jdcw.6nRWS.6nRWS.6nRWS.6jdNS.6jdNS.6jdNS.6jiG6.6jiG6.6jiG6.6hNKY.6hNKY.6hNKY.6hPmo.6hPmo.6hPmo?lang=en,https://shadowverse-portal.com/deck/3.3.6HkyA.6apfA.6apfA.6apfA.6mG4A.6mG4A.6edYY.6W__Q.6W__Q.6W__Q.6eeHQ.6eeHQ.6eeHQ.6ektI.6ektI.6ektI.6iZ0I.6iZ0I.6iZ0I.6mIGo.6mIGo.6mIGo.6egjg.6egjg.6egjg.6X49C.6X49C.6X49C.6X6bc.6X6bc.6X6bc.6awkc.6awkc.6awkc.6mN9S.6mN9S.6mN9S.6iWaC.6iWaC.6iWaC?lang=en
Fanix,521763274,https://shadowverse-portal.com/deck/1.3.5-gkQ.5-gkQ.5-gkQ.6hISM.6hISM.6hISM.6iZ0c.6iZ0c.6iZ0c.5-gka.5-gka.5-gka.5-gku.gHqNa.6eiR2.6eiR2.6eiR2.6iZ0S.6iZ0S.6iZ0S.6W__a.6W__a.6W__a.6asag.6asag.6asag.6awkS.6ej9w.6mFqi.6mFqi.6mFqi.5-glM.5-glM.5-glM.6edYi.6edYi.6edYi.6iWaC.6iWaC.6iWaC?lang=en#_=_,https://shadowverse-portal.com/deck/1.8.6cmfA.6cmfA.6cmfA.6kOCI.6kOCI.6kOCI.gJpKQ.gJpKQ.gJpKQ.6l6b2.6l6b2.6l6b2.60a4-.60a4-.60a4-.6kLmM.6kLmM.6kLmM.6o9v2.6o9v2.6o9v2.6gcVs.6gcVs.6gcVs.6oAdw.6oAdw.6oAdw.6oCLS.6oCLS.6oCLS.6gaoA.6gaoA.6gaoA.6gexo.6gexo.6kOCS.6kOCS.6kOCS.6kT4y.6kT4y?lang=en,https://shadowverse-portal.com/deck/1.6.6YBRY.6YBRY.6YBRY.6jdNI.6jdNI.6jdNI.6jfpi.6jfpi.6jfpi.6nTyi.6nTyi.6nTyi.5_pzw.5_pzw.6nPow.6nPow.6nPow.6nWOy.6nWOy.6nWOy.6jgYQ.6jgYQ.6jgYQ.6fu76.6fu76.6fu76.6nTyY.6nTyY.6nTyY.6fpES.6fpES.6c3zy.6c3zy.6c3zy.6nWOo.6nWOo.6nWOo.6jfpY.6jfpY.6jfpY?lang=en
kuro4035,780859917,https://shadowverse-portal.com/deck/3.7.6nnUY.6nnUY.6nssI.6nssI.6nssI.6hISM.6hISM.6hISM.6l6b2.6l6b2.6l6b2.6j_ny.6j_ny.6j_ny.6npwo.6npwo.6npwo.6nupS.6nupS.6nupS.6jzLY.6jzLY.6jzLY.6k4gI.6k4gI.6k4gI.6cSOS.6k2EC.6k2EC.6k4gS.6k4gS.6nsN2.6nsN2.6nsN2.6YeFI.6YeFI.6YeFI.6gGXS.6gGXS.6gGXS?lang=en,https://shadowverse-portal.com/deck/3.6.6YBRY.6YBRY.6jfpi.6jfpi.6jfpi.6nRWI.6nRWI.6nRWI.6nTyi.6nTyi.6nTyi.5_pzw.5_pzw.5_pzw.6nPow.6nPow.6nPow.6nWOy.6nWOy.6nWOy.6jgYQ.6jgYQ.6jgYQ.6fu76.6fu76.6fu76.6nTyY.6nTyY.6nTyY.6fpES.6fpES.6jiFo.6jiFo.6c3zy.6nWOo.6nWOo.6nWOo.6jfpY.6jfpY.6jfpY?lang=en,https://shadowverse-portal.com/deck/3.2.5-Hb2.5-Hb2.5-Hb2.6WfIS.6aVtY.6aVtY.6aVtY.6ltQ2.6ltQ2.6lz1Q.6lz1Q.6lz1Q.6aQ_M.6aQ_M.6aQ_M.6ltQC.6lvsS.6lvsS.6lvsS.6aRjw.gHUPA.gHUPA.6aYJo.6aYJo.6eMSy.6eMSy.6eMSy.6iAbo.6iAbo.6iAbo.6aVti.6aVti.6aVti.6l-ky.6l-ky.6l-ko.6l-ko.6WkAy.6WkAy.6WkAy?lang=en
Putyu,910091370,https://shadowverse-portal.com/deck/3.1.6lZu2.6lZu2.6lZu2.gH3YQ.gH3YQ.gH3YQ.6lZuC.6lZuC.6lZuC.5zvvQ.5zvvQ.5zvvQ.6a9vc.6hllC.6hllC.6hllC.6d-2I.6d-2I.6hoBI.6hoBI.6hISC.6hISC.6hISC.6a33o.6a33o.6a33o.6hKuS.6hKuS.6hKuS.6hNKi.6lCCQ.6lCCQ.6lCCQ.6hPmy.6hPmy.6lDvo.6lDvo.6lDvo.6lDvy.6lDvy?lang=en,https://shadowverse-portal.com/deck/3.3.6lCCQ.6lCCQ.6lCCQ.5-gkQ.5-gkQ.5-gkQ.6iZ0c.6iZ0c.5-gka.5-gka.5-gka.gHqNa.gHqNa.gHqNa.6eiR2.6eiR2.6eiR2.6iUNQ.6iUNQ.6iUNQ.6iZ0S.6iZ0S.gHqNQ.gHqNQ.gHqNQ.6X6bI.6asag.6asag.6asag.6awkS.6ej9w.5-glM.5-glM.5-glM.6edYi.6edYi.6edYi.5-iRo.6iWaC.6awkI?lang=en,https://shadowverse-portal.com/deck/3.6.6YBRY.6YBRY.6YBRY.6jfpi.6jfpi.6nRWI.6nRWI.6nRWI.6nTyi.6nTyi.6nTyi.5_pzw.5_pzw.5_pzw.6nPow.6nPow.6nPow.6nWOy.6nWOy.6fsPQ.6fsPQ.6jgYQ.6jgYQ.6jgYQ.5_pFg.5_pFg.5_pFg.6fu76.6fu76.6nTyY.6nTyY.6nTyY.6jiFo.6jiFo.6nWOo.6nWOo.6nWOo.6jfpY.6jfpY.6jfpY?lang=en
TO|Totalizator,393329715,https://shadowverse-portal.com/deck/1.1.6hISC.6hISC.6VuyY.6VuyY.6VuyY.6hgsY.6hgsY.6hgsY.6lXRo.6lXRo.6lXRo.5zvvQ.5zvvQ.5zvvQ.6dvug.6dvug.6dvug.6hKuS.6hKuS.6a9vc.6a9vc.6a9vc.6ld3A.6ld3A.6ld3A.6lCCQ.6WJKC.6WJKC.6WJKC.6WLmI.6WLmI.6dv9o.6dv9o.6dv9o.6hoBI.6hoBI.6hoBI.6lcKI.6lcKI.6lcKI?lang=en,https://shadowverse-portal.com/deck/1.7.6nnUY.6nnUY.6nnUY.6nssI.6nssI.6nssI.6hISM.6hISM.6hISM.6l6b2.6j_ny.6j_ny.6j_ny.6npwo.6npwo.6npwo.6nupS.6nupS.6nupS.6jzLY.6jzLY.6jzLY.6k4gI.6k4gI.6k4gI.6lCCQ.6lCCQ.6k4gS.6k4gS.6k4gS.6nsN2.6nsN2.6YeFI.6YeFI.6gGXS.6gGXS.6gGXS.6hNKY.6hNKY.6hNKY?lang=en,https://shadowverse-portal.com/deck/1.3.5-gkQ.5-gkQ.5-gkQ.6hISM.6hISM.6hISM.6l6b2.6l6b2.6iU7y.6iU7y.6iU7y.6mFqY.6mFqY.6iWa2.6iWa2.6iWa2.6lCCQ.6iZ0S.6iZ0S.6iZ0S.6mIGy.6mIGy.6mIGy.6W__a.6W__a.6W__a.6ZnUy.6hNKY.6hNKY.6hPmo.6hPmo.6mFqi.6mFqi.6mFqi.6edYi.6edYi.6edYi.6iWaC.6iWaC.6iWaC?lang=en
Den/REV,617747209,https://shadowverse-portal.com/deck/3.3.g2ZpQ.g2ZpQ.g2ZpQ.5-gka.5-gka.5-gka.6mLRw.gE0EQ.gE0EQ.gE0EQ.gHqNa.gHqNa.6ZjLA.6ZjLA.6X6bc.6X6bc.6iZ0S.6iZ0S.6iZ0S.6awkc.6awkc.6awkc.gHqNQ.gHqNQ.gHqNQ.6hNKY.6hNKY.6hNKY.6mFqi.6mFqi.6mFqi.5-glM.5-glM.5-glM.6edYi.6edYi.6edYi.6iWaC.6iWaC.6iWaC?lang=en,https://shadowverse-portal.com/deck/3.6.6jdNI.6jdNI.6jdNI.6jfpi.6jfpi.6nP4M.6nP4M.6nP4M.6nTyi.6nTyi.6nTyi.5_pzw.5_pzw.6nPow.6nPow.6nPow.6nWOy.6nWOy.6nWOy.6jgYQ.6jgYQ.6jgYQ.6fu76.6fu76.6fu76.6nTyY.6nTyY.6nTyY.6jiFo.6jiFo.6jiFo.6c3zy.6c3zy.6c3zy.6nWOo.6nWOo.6nWOo.6jfpY.6jfpY.6jfpY?lang=en,https://shadowverse-portal.com/deck/3.7.6nnUY.6nnUY.6nnUY.6nssI.6nssI.6nssI.6hISM.6hISM.6hISM.6l6b2.6l6b2.6l6b2.6j_ny.6j_ny.6j_ny.6npwo.6npwo.6npwo.6nupS.6nupS.6nupS.60COa.60COa.60COa.6jzLY.6jzLY.6jzLY.6k4gI.6k4gI.6k4gI.6k4gS.6k4gS.6nsN2.6nsN2.6nsN2.6YeFI.6YeFI.6gGXS.6gGXS.6gGXS?lang=en
Midori/REV,755625573,https://shadowverse-portal.com/deck/1.7.6YbpC.6YbpC.6gGXc.6gGXc.6gGXc.6nnUY.6nnUY.6nnUY.6nssI.6nssI.6nssI.6cNVo.6cNVo.6cNVo.6jzLs.6jzLs.6npwo.6npwo.6npwo.6nupS.6nupS.6nupS.60COa.60COa.6jzLY.6jzLY.6jzLY.6k4gI.6k4gI.6k4gI.6k01Q.6nsN2.6nsN2.6nsN2.6YeFI.6YeFI.6gGXS.6gGXS.6gGXS.6lDvo?lang=en,https://shadowverse-portal.com/deck/3.6.6Y8W2.6Y8W2.6Y8W2.6jfpi.6jfpi.6jfpi.6nRWI.6nRWI.6nTyi.6nTyi.6nTyi.5_pzw.5_pzw.6nPow.6nPow.6nPow.6nWOy.6nWOy.6nWOy.6jgYQ.6jgYQ.6jgYQ.6c1Xs.6fu76.6fu76.6fu76.6nTyY.6nTyY.6nTyY.6jiFo.6jiFo.6jiFo.6c3zy.6c3zy.6c3zy.6nWOo.6nWOo.6nWOo.6jfpY.6jfpY?lang=en,https://shadowverse-portal.com/deck/3.5.6XtQc.6XtQc.6XtQc.6XmqQ.6XmqQ.6XmqQ.6VwvY.6VwvY.6XoXy.6XoXy.6XoXy.6XtQI.6XtQI.6XtQI.6fONY.6fONY.6jCWY.6jCWY.6jEyo.6jEyo.6jEyo.gEn3Q.gEn3Q.gEn3Q.6XoXo.6XoXo.6XoXo.6n5Y2.6n5Y2.6n5Y2.6jCWs.6jCWs.6jCWs.6n7-S.6bhZI.6bhZI.6bhZI.6ZnUy.6ZnUy.6ZnUy?lang=en
AlleMazza,515455579,https://shadowverse-portal.com/deck/1.7.6g9CY.6g9CY.6nnUY.6nnUY.6nnUY.6YXPo.6YXPo.6nssI.6nssI.6nssI.6hISM.6hISM.6hISM.6npwo.6npwo.6npwo.6nupS.6nupS.6nupS.6cLYo.6cLYo.6cLYo.6cL3s.6cL3s.6cL3s.6jzLY.6jzLY.6jzLY.6k4gI.6k4gI.6k4gI.6nsN2.6nsN2.6nsN2.6YeFI.6YeFI.6YeFI.6gGXS.6gGXS.6gGXS?lang=en,https://shadowverse-portal.com/deck/1.6.6YBRY.6YBRY.6YBRY.6fpzA.6fpzA.6l6b2.6l6b2.6jdNI.6jdNI.6jdNI.6jiFy.6jiFy.6jiFy.6nP42.6nP42.6nP42.5_p-4.5_p-4.5_p-4.6jaxM.6jaxM.6jaxM.6jgYQ.6jgYQ.6jgYQ.6nRWS.6nRWS.6jdNS.6jdNS.6jdNS.6jiG6.6jiG6.6c3zy.6c3zy.6hNKY.6hNKY.6hNKY.6hPmo.6hPmo.6hPmo?lang=en,https://shadowverse-portal.com/deck/1.8.6clwI.6clwI.6clwI.6gYLw.6gYLw.6gYLw.6dZBY.6dZBY.6dZBY.6clwS.6clwS.6clwS.6ga3I.6ga3I.6ga3I.6o9v2.6o9v2.6oCLI.6oCLI.6oCLI.6ckCw.6ckCw.6ckCw.6gcVs.6gcVs.6gcVs.6cqoo.6cqoo.6cqoo.60dFA.60dFA.60dFA.6cp5Q.6cp5Q.6cp5Q.6oHDy.6oHDy.6oHDy.6gexy.6gexy?lang=en
DB Petrus,756299092,https://shadowverse-portal.com/deck/1.7.6nnUY.6nnUY.6nnUY.6nssI.6nssI.6nssI.6hISM.6hISM.6hISM.6cNVo.6cNVo.6j_ny.6j_ny.6j_ny.6npwo.6npwo.6npwo.6nupS.6nupS.6nupS.6jzLY.6jzLY.6jzLY.6k4gI.6k4gI.6k4gI.6lCCQ.6k4gS.6k4gS.6k4gS.6nsN2.6nsN2.6nsN2.6YeFI.6YeFI.6gGXS.6gGXS.6gGXS.6hNKY.6hNKY?lang=en,https://shadowverse-portal.com/deck/1.6.6jdNI.6jdNI.6jdNI.6jfpi.6jfpi.6jfpi.6nRWI.6nRWI.6nTyi.6nTyi.6nTyi.6nPow.6nPow.6nPow.6nWOy.6nWOy.6nWOy.6jgYQ.6jgYQ.6jgYQ.6c1Xs.6c1Xs.6c1Xs.6fu76.6fu76.6fu76.6nTyY.6nTyY.6nTyY.6jiFo.6jiFo.6jiFo.6c3zy.6c3zy.6nWOo.6nWOo.6nWOo.6jfpY.6jfpY.6jfpY?lang=en,https://shadowverse-portal.com/deck/1.8.6clwI.gFwIw.gFwIw.gFwIw.6clwS.6clwS.6clwS.6ga3I.6ga3I.6ga3I.6oCLI.6oCLI.6oCLI.6ckCw.6ckCw.6ckCw.6gcVs.6gcVs.6gcVs.6kQei.6kQei.6kQei.6oAdw.6oAdw.6oAdw.6lCCQ.6coMY.6coMY.6cqoo.6cqoo.6cqoo.60dFA.6cp5Q.6cp5Q.6cp5Q.6oHDy.6oHDy.6oHDy.6hNKY.6hNKY?lang=en
Rinoa,203950950,https://shadowverse-portal.com/deck/3.6.6YBRY.6YBRY.6jdNI.6jfpi.6jfpi.6jfpi.6nRWI.6nRWI.6nRWI.6nTyi.6nTyi.6nTyi.5_pzw.5_pzw.5_pzw.6nPow.6nPow.6nPow.6nWOy.6nWOy.6nWOy.6jgYQ.6jgYQ.6jgYQ.6fu76.6fu76.6fu76.6nTyY.6nTyY.6nTyY.6jiFo.6jiFo.6c3zy.6c3zy.6nWOo.6nWOo.6nWOo.6jfpY.6jfpY.6jfpY?lang=en,https://shadowverse-portal.com/deck/3.7.6nnUY.6nnUY.6nnUY.6nssI.6nssI.6nssI.6hISM.6hISM.6hISM.6l6b2.6l6b2.6l6b2.6j_ny.6j_ny.6j_ny.6npwo.6npwo.6npwo.6nupS.6nupS.6nupS.60COa.60COa.60COa.6jzLY.6jzLY.6jzLY.6k4gI.6k4gI.6k4gI.6k4gS.6k4gS.6nsN2.6nsN2.6nsN2.6YeFI.6YeFI.6gGXS.6gGXS.6gGXS?lang=en,https://shadowverse-portal.com/deck/3.2.6aVtY.6aVtY.6aVtY.fskF2.fskF2.6lz1Q.6lz1Q.6lz1Q.6aQ_M.6aQ_M.6eK0Y.6eK0Y.6eK0Y.6i3H2.6i3H2.6lvsS.6lvsS.6aRjw.gHUPA.gHUPA.6aYJo.6aYJo.6eMSy.6eMSy.6eMSy.6iAbo.6iAbo.6iAbo.6aVti.6aVti.6aVti.6l-ky.6WiTQ.6WiTQ.6WiTQ.6l-ko.6l-ko.6WkAy.6WkAy.6WkAy?lang=en
sohei,607890550,https://shadowverse-portal.com/deck/3.6.6YBRY.6YBRY.6YBRY.6Y8W2.6Y8W2.6Y8W2.6jfpi.6jfpi.6jfpi.6nP4M.6nP4M.6nTyi.6nTyi.6nTyi.6nPow.6nPow.6nWOy.6nWOy.6nWOy.6jgYQ.6jgYQ.6jgYQ.6fu76.6fu76.6fu76.6nTyY.6nTyY.6nTyY.6jiFo.6jiFo.6jiFo.6c3zy.6c3zy.6c3zy.6nWOo.6nWOo.6nWOo.6jfpY.6jfpY.6jfpY?lang=en,https://shadowverse-portal.com/deck/3.7.6nnUY.6nnUY.6nnUY.6nssI.6nssI.6nssI.6hISC.6hISC.6hISC.6jzLs.6jzLs.6jzLs.6npwo.6npwo.6npwo.6nupS.6nupS.6nupS.6hKuS.6hKuS.6hKuS.6k4gI.6k4gI.6k4gI.6k4gS.6k4gS.6k4gS.6nsN2.6nsN2.6nsN2.6gCNg.6YeFI.6YeFI.6gGXS.6gGXS.6gGXS.6lDvo.6lDvo.6cSOI.6lDvy?lang=en,https://shadowverse-portal.com/deck/3.4.6bEGc.6bEGc.6bEGc.6iu-Y.6iu-Y.6iu-Y.6bHRQ.6bHRQ.6bHRQ.6VwvY.6hISC.6hISC.6hISC.6bBqM.6bBqM.6bBqM.6bJ96.6bJ96.6bJ96.g2yDw.g2yDw.g2yDw.6hKuS.6hKuS.6hKuS.6f4ri.6f4ri.6f4ri.6bJ8o.6bJ8o.6bJ8o.6f2PI.6f2PI.6XSZs.6XSZs.6XSZs.6lDvy.6lDvy.6lDvy.6XU_o?lang=en
Szalbierz,369306708,https://shadowverse-portal.com/deck/1.6.6YBRY.6YBRY.6YBRY.6jdNI.6jdNI.6jdNI.6jfpi.6jfpi.6jfpi.6nTyi.6nTyi.6nTyi.6nPow.6nPow.6nPow.6nWOy.6nWOy.6nWOy.6jgYQ.6jgYQ.6jgYQ.6c1Xs.6fu76.6fu76.6fu76.6nTyY.6nTyY.6nTyY.6jiFo.6jiFo.6jiFo.6c3zy.6c3zy.6c3zy.6nWOo.6nWOo.6nWOo.6jfpY.6jfpY.6jfpY?lang=en,https://shadowverse-portal.com/deck/1.7.6YbpC.6YbpC.6YbpC.6nnUY.6nnUY.6nnUY.6nssI.6nssI.6nssI.6hISM.6hISM.6hISM.6cNVo.6cNVo.6cNVo.6npwo.6npwo.6npwo.6nupS.6nupS.6nupS.6jzLY.6jzLY.6jzLY.6k4gI.6k4gI.6k4gI.6lCCQ.6k4gS.6k4gS.6k4gS.6nsN2.6nsN2.6nsN2.6YeFI.6YeFI.6gGXS.6gGXS.6gGXS.6hNKY?lang=en,https://shadowverse-portal.com/deck/1.8.6cmfA.6cmfA.6kOCI.6kOCI.6kOCI.6kRNQ.6kRNQ.6kRNQ.60a4-.60a4-.60a4-.6cjU2.6cjU2.6o9v2.6o9v2.6o9v2.6oCLI.6gcVs.6gcVs.6gcVs.6oAdw.6oAdw.6oAdw.6cqoo.6cqoo.6cqoo.6oCLS.6oCLS.6oCLS.6gaoA.6gaoA.6gaoA.6kOCS.6kOCS.6kOCS.6oHDy.6oHDy.6oHDy.6gcVi.6gcVi?lang=en
Lehtaku,436073455,https://shadowverse-portal.com/deck/3.6.6jdNI.6jdNI.6jdNI.6jfpi.6jfpi.6jfpi.6nRWI.6nRWI.6nRWI.6nTyi.6nTyi.6nTyi.6nPow.6nPow.6nPow.6nWOy.6nWOy.6nWOy.6jgYQ.6jgYQ.6jgYQ.6fu76.6fu76.6fu76.6nTyY.6nTyY.6nTyY.6c3-6.6jiFo.6jiFo.6jiFo.6c3zy.6c3zy.6c3zy.6nWOo.6nWOo.6nWOo.6jfpY.6jfpY.6jfpY?lang=en,https://shadowverse-portal.com/deck/3.7.6nnUY.6nnUY.6nnUY.6nssI.6nssI.6nssI.6hISM.6hISM.6hISM.6j_ny.6j_ny.6j_ny.6npwo.6npwo.6npwo.6nupS.6nupS.6nupS.60COa.60COa.60COa.6jzLY.6jzLY.6jzLY.6k4gI.6k4gI.6k4gI.6k4gS.6k4gS.6nsN2.6nsN2.6nsN2.6YeFI.6YeFI.6gGXS.6gGXS.6gGXS.6hNKY.6hNKY.6hNKY?lang=en,https://shadowverse-portal.com/deck/3.1.5zWm2.5zWm2.6hgss.6hgss.6hgss.6l6b2.6l6b2.6l6b2.6VuyY.6VuyY.6hoBS.6hoBS.6hoBS.6lXRo.6lXRo.6lXRo.6lZuC.6lZuC.6lZuC.5zvvQ.5zvvQ.5zvvQ.6a9vc.6a9vc.6a9vc.6hgsi.6lU_s.6lU_s.6lU_s.6ld3A.6ld3A.6ld3A.6hjIo.6hjIo.6hjIo.6hoBI.6hoBI.6hoBI.6lcKI.6lcKI?lang=en
SMB,643924104,https://shadowverse-portal.com/deck/1.6.6YBRY.6YBRY.6jfpi.6jfpi.6jfpi.6nRWI.6nRWI.6nRWI.6nTyi.6nTyi.6nTyi.5_pzw.5_pzw.5_pzw.6nPow.6nPow.6nPow.6nWOy.6nWOy.6nWOy.6jgYQ.6jgYQ.6jgYQ.6fu76.6fu76.6fu76.6nTyY.6nTyY.6nTyY.6jiFo.6jiFo.6c3zy.6c3zy.6c3zy.6nWOo.6nWOo.6nWOo.6jfpY.6jfpY.6jfpY?lang=es,https://shadowverse-portal.com/deck/1.8.6clwI.6clwI.6gYLw.6gYLw.6gYLw.6clwS.6clwS.6clwS.6ga3I.6ga3I.6ga3I.6oCLI.6oCLI.6oCLI.6ckCw.6ckCw.6ckCw.6gcVs.6gcVs.6gcVs.6kQei.6kQei.6kQei.6oAdw.6oAdw.6oAdw.6coMY.6cqoo.6cqoo.6cqoo.60dFA.60dFA.6cp5Q.6cp5Q.6cp5Q.6oHDy.6oHDy.6oHDy.6hKuI.6hKuI?lang=es,https://shadowverse-portal.com/deck/3.7.6nnUY.6nnUY.6nnUY.6nssI.6nssI.6nssI.6hISM.6hISM.6hISM.6l6b2.6l6b2.6j_ny.6j_ny.6npwo.6npwo.6npwo.6nupS.6nupS.6nupS.6jzLY.6jzLY.6jzLY.6k4gI.6k4gI.6k4gI.6k01Q.6lCCQ.6lCCQ.6k4gS.6k4gS.6nsN2.6nsN2.6nsN2.6YeFI.6YeFI.6gGXS.6gGXS.6gGXS.6hNKY.6hNKY?lang=es
DB Inori,314917525,https://shadowverse-portal.com/deck/1.6.6YBRY.6YBRY.6YBRY.6jdNI.6jdNI.6jdNI.6jfpi.6jfpi.6jfpi.6nTyi.6nTyi.6nTyi.6nPow.6nPow.6nPow.6nWOy.6nWOy.6nWOy.6jgYQ.6jgYQ.6jgYQ.5_pFg.5_pFg.6fu76.6fu76.6fu76.6nTyY.6nTyY.6nTyY.6jiFo.6jiFo.6c3zy.6c3zy.6c3zy.6nWOo.6nWOo.6nWOo.6jfpY.6jfpY.6jfpY?lang=en,https://shadowverse-portal.com/deck/1.8.6clwI.6gYLw.6gYLw.6gYLw.6clwS.6clwS.6clwS.6ga3I.6ga3I.6ga3I.6oCLI.6oCLI.6oCLI.6ckCw.6ckCw.6ckCw.6gcVs.6gcVs.6gcVs.6kQei.6kQei.6kQei.6oAdw.6oAdw.6oAdw.6lCCQ.6coMY.6coMY.6cqoo.6cqoo.6cqoo.60dFA.6cp5Q.6cp5Q.6cp5Q.6oHDy.6oHDy.6oHDy.6hNKY.6hNKY?lang=en,https://shadowverse-portal.com/deck/1.7.6nnUY.6nnUY.6nnUY.6nssI.6nssI.6nssI.6hISM.6hISM.6hISM.6l6b2.6j_ny.6j_ny.6npwo.6npwo.6npwo.6nupS.6nupS.6nupS.6jzLY.6jzLY.6jzLY.6k4gI.6k4gI.6k4gI.6lCCQ.6k4gS.6k4gS.6nsN2.6nsN2.6nsN2.6YeFI.6YeFI.6gGXS.6gGXS.6gGXS.6hNKY.6hNKY.6lDvo.6YcXw.6YcXw?lang=en#_=_
Jeady,410938475,https://shadowverse-portal.com/deck/3.6.6YBRY.6YBRY.6jfpi.6jfpi.6jfpi.6nRWI.6nRWI.6nRWI.6nTyi.6nTyi.6nTyi.6nPow.6nPow.6nPow.g3j34.g3j34.g3j34.6nWOy.6nWOy.6nWOy.6jgYQ.6jgYQ.6jgYQ.6fu76.6fu76.6fu76.6nTyY.6nTyY.6nTyY.6jiFo.6jiFo.6c3zy.6c3zy.6c3zy.6nWOo.6nWOo.6nWOo.6jfpY.6jfpY.6jfpY?lang=en,https://shadowverse-portal.com/deck/3.7.6nnUY.6nnUY.6nssI.6nssI.6nssI.6nupS.6nupS.6nupS.6l6b2.6l6b2.6l6b2.6hISM.6hISM.6hISM.6npwo.6npwo.6npwo.6j_ny.6j_ny.6j_ny.6jzLY.6jzLY.6jzLY.6k4gI.6k4gI.6k4gI.6cSOS.6cSOS.6k2EC.6k2EC.6k4gS.6k4gS.6YeFI.6YeFI.6nsN2.6nsN2.6nsN2.6gGXS.6gGXS.6gGXS?lang=en,https://shadowverse-portal.com/deck/3.8.6clwI.6clwI.6clwI.gFwIw.gFwIw.gFwIw.6Z0fy.6clwS.6clwS.6clwS.6ga3I.6ga3I.6ga3I.6kLm2.6kLm2.6kLm2.6oCLI.6oCLI.6oCLI.6kQei.6kQei.6kQei.6gcVs.6gcVs.6gcVs.6cqoo.6cqoo.6cqoo.6cp5Q.6cp5Q.6cp5Q.6kMUw.6kMUw.6kMUw.6oHDy.6oHDy.6oHDy.6hNKY.6hNKY.6hNKY?lang=en
Zigwa,523849185,https://shadowverse-portal.com/deck/3.2.6hISM.6hISM.6l6b2.6l6b2.6l6b2.6i3H2.6i3H2.6i3H2.gHUPA.gHUPA.gHUPA.6aYJo.6aYJo.6eMSy.6eMSy.6eMSy.6lyIY.6lyIY.6lyIY.6i89Y.6i89Y.6i89Y.6WiTQ.6WiTQ.6WiTQ.6iAby.6iAby.6iAby.6hNKY.6hNKY.6hNKY.6hPmo.6hPmo.6WkAy.6WkAy.6WkAy.6eMSo.6eMSo.6eMSo.6eMT6?lang=fr,https://shadowverse-portal.com/deck/3.6.6YBRY.6hISM.6hISM.6hISM.6l6b2.6l6b2.6l6b2.6jdNI.6jdNI.6jdNI.6jiFy.6jiFy.6jiFy.6nP42.6nP42.6nP42.6nPow.6nPow.6nPow.6jaxM.6jaxM.6jaxM.6jgYQ.6jgYQ.6jgYQ.6nRWS.6nRWS.6nRWS.6jdNS.6jdNS.6jdNS.6jiG6.6jiG6.6jiG6.6hNKY.6hNKY.6hNKY.6hPmo.6hPmo.6hPmo?lang=fr,https://shadowverse-portal.com/deck/3.7.6nnUY.6nnUY.6nnUY.6nssI.6nssI.6nssI.6hISM.6hISM.6hISM.6j_ny.6j_ny.6j_ny.6npwo.6npwo.6npwo.6nupS.6nupS.6nupS.60COa.60COa.6jzLY.6jzLY.6jzLY.6k4gI.6k4gI.6k4gI.6k4gS.6k4gS.6k4gS.6nsN2.6nsN2.6nsN2.6dZwQ.6dZwQ.6YeFI.6YeFI.6YeFI.6gGXS.6gGXS.6gGXS?lang=fr
Yiannis,272114743,https://shadowverse-portal.com/deck/3.6.6hISC.6hISC.6hISC.6hISM.6l6b2.6l6b2.6l6b2.6jdNI.6jdNI.6jiFy.6jiFy.6jiFy.6nP42.6nP42.6nP42.6hKuS.6hKuS.6jaxM.6jaxM.6jaxM.6jbfw.6jbfw.6jbfw.6jgYQ.6jgYQ.6jgYQ.6c1Xs.6jdNS.6jdNS.6jiFo.6jiFo.6hPmy.6hNKY.6hNKY.6hNKY.6hPmo.6hPmo.6jfpY.6jfpY.6jfpY?lang=en,https://shadowverse-portal.com/deck/3.7.6nssI.6nssI.6nssI.6hISM.6hISM.6l6b2.6l6b2.6l6b2.6j_ny.6j_ny.6npwo.6npwo.6npwo.6jzLY.6jzLY.6jzLY.6lCCQ.6lCCQ.6lCCQ.6k2EC.6k4gS.6k4gS.6k4gS.6nnUi.6lBTY.6lBTY.6YeFI.6k2yw.6k2yw.6k2E2.6k2E2.6k2E2.6hNKY.6hNKY.6hNKY.6hPmo.6hPmo.6hPmo.6cSOI.6YcXw?lang=en,https://shadowverse-portal.com/deck/3.8.6gfR2.6gfR2.6gfR2.6l6b2.6l6b2.6l6b2.6Z0fy.6ga3I.6ga3I.6ga3I.60aow.60aow.60aow.6oAdw.6oAdw.6oAdw.6lCCQ.6lCCQ.6lCCQ.6oEni.6oEni.6oEni.60dFA.60dFA.60dFA.6YyWA.6kT56.6kT56.6kT56.6kT4o.6kT4o.6kT4o.6oHDo.6oHDo.6hNKY.6hNKY.6hNKY.6hPmo.6hPmo.6hPmo?lang=en
無名者Anonymous,985581556,https://shadowverse-portal.com/deck/3.6.6YBRY.6YBRY.6YBRY.6jfpi.6jfpi.6jfpi.6nP4M.6nP4M.6nP4M.6nTyi.6nTyi.6nTyi.6YAyI.6YAyI.6nPow.6nPow.6nPow.6nWOy.6nWOy.6nWOy.6jgYQ.6jgYQ.6jgYQ.6c1Xi.6nTyY.6nTyY.6nTyY.6jiFo.6jiFo.6c3zy.6c3zy.6c3zy.6jfpY.6jfpY.6nWOo.6nWOo.6nWOo.6fu76.6fu76.6fu76?lang=zh-tw,https://shadowverse-portal.com/deck/3.7.6nnUY.6nnUY.6nnUY.6nssI.6nssI.6nssI.6cNVo.6cNVo.6cNVo.6npwo.6npwo.6npwo.6nupS.6nupS.6nupS.6k4gI.6k4gI.6k4gI.6jzLY.6jzLY.6jzLY.6k4gS.6k4gS.6nsN2.6nsN2.6nsN2.6YeFI.6YeFI.6gGXS.6gGXS.6gGXS.6l6b2.6l6b2.6hISM.6hISM.6hNKY.6hNKY.6hNKY.6l6b2.6k4gS?lang=zh-tw,https://shadowverse-portal.com/deck/3.2.6aVtY.6aVtY.6hISM.6hISM.6hISM.6l6b2.6l6b2.6l6b2.6i3H2.6i3H2.6i3H2.gHUPA.gHUPA.gHUPA.6aYJo.6aYJo.6aYJo.6eMSy.6eMSy.6eMSy.6lyIY.6lyIY.6lyIY.6i89Y.6i89Y.6i89Y.6iAby.6iAby.6iAby.6hNKY.6hNKY.6hNKY.6hPmo.6hPmo.6hPmo.6WkAy.6WkAy.6WkAy.6eMSo.6eMSo?lang=zh-tw
pau000,559159179,https://shadowverse-portal.com/deck/3.3.5-gkQ.5-gkQ.5-gkQ.6hISM.6hISM.6hISM.5-gka.5-gka.5-gka.5-gku.5-gku.6eeHQ.6eeHQ.6eeHQ.6X6bc.6X6bc.6iZ0S.6iZ0S.6iZ0S.6awkc.6awkc.6awkc.6W__a.6W__a.gHqNQ.6hNKY.6hNKY.6hNKY.6mFqi.6mFqi.6mFqi.5-glM.5-glM.5-glM.6edYi.6edYi.6edYi.6iWaC.6iWaC.6iWaC?lang=en,https://shadowverse-portal.com/deck/3.6.6YBRY.6YBRY.6YBRY.6hISM.6hISM.6hISM.6l6b2.6l6b2.6l6b2.6jiFy.6jiFy.6jiFy.6nP42.6nP42.6nP42.5_pzw.5_pzw.6nPow.6nPow.6nPow.6jaxM.6jaxM.6jaxM.6jgYQ.6jgYQ.6jgYQ.6jdcw.6jdcw.6jdNS.6jdNS.6jdNS.6jiG6.6jiG6.6jiG6.6hNKY.6hNKY.6hNKY.6hPmo.6hPmo.6hPmo?lang=en,https://shadowverse-portal.com/deck/3.7.6nnUY.6nnUY.6nssI.6nssI.6nssI.6hISM.6hISM.6hISM.6l6b2.6l6b2.6l6b2.6j_ny.6j_ny.6j_ny.6npwo.6npwo.6npwo.6nupS.6nupS.6nupS.6jzLY.6jzLY.6jzLY.6k4gI.6k4gI.6k4gI.6cSOS.6cSOS.6k2EC.6k2EC.6k4gS.6k4gS.6nsN2.6nsN2.6nsN2.6YeFI.6YeFI.6gGXS.6gGXS.6gGXS?lang=en
